name,sequence,org_label
qvae_sample_1,MASLALRRLLLRRRRSSRSLSSAAASSAARALAR,Rhoto
qvae_sample_8,MASLALRRLLRRRRRRSRSLSSAALSSSA,Rhoto
qvae_sample_9,MASLRLRRLLRARRRRSRSLSSAALRSS,Rhoto
qvae_sample_10,MASLALRRLLRARRRRSRSLSSAALRSSA,Rhoto
qvae_sample_13,MASLALRRLLRRRRRSSRSLSSAALRSR,Rhoto
qvae_sample_16,MASLRLRRLLRRRRRRSRSLSSAAARSSA,Rhoto
qvae_sample_18,MASLRLRRLLRRRRRRSRSASSAAARSR,Rhoto
qvae_sample_23,MASLRLRRLLLRRRRRSRSLSSAAARSRA,Rhoto
qvae_sample_25,MASLRLRRLLRRRRSRSRSRSSAAAR,Rhoto
qvae_sample_36,MASRRLRRLLRRRRRSSRSLRSAAARS,Rhoto
qvae_sample_47,MASRRLRRLLLRRRRSSRSLRSAAAS,Rhoto
qvae_sample_55,MASRRLRRLLRRRRRSSRSLRSAAAS,Rhoto
qvae_sample_56,MASRRLRRRLRRRRRSSRSRRRAAA,Rhoto
qvae_sample_57,MASLLLRRLLRRRRRSSRSLRSAAAS,Rhoto
qvae_sample_59,MASLLLRRLLLRRRRSSRSASRAAARS,Rhoto
qvae_sample_71,MASLRLRRLLLRRRRSSRSRSRAAAR,Rhoto
qvae_sample_79,MASRALRRLLRRRRRRSRSRSSAAAR,Rhoto
qvae_sample_102,MASLLLRRLLLRRRRSSRSLRSAAARSS,Rhoto
qvae_sample_107,MASRLLRRLLLRRRRSSRSARSAAAR,Rhoto
qvae_sample_111,MASLLLRRLLLRRRRSSRSLSSAAARS,Rhoto
qvae_sample_112,MASRLLRRLLLRRRRSSRSLRRAAAR,Rhoto
qvae_sample_130,MASRRLRRLLRRRRRRSRSRSSAAAS,Rhoto
qvae_sample_134,MASRLLRRLLRRRRRRSRSLRSAAAR,Rhoto
qvae_sample_135,MASRLLRRLLRRRRRRSRSLSSAAASS,Rhoto
qvae_sample_148,MASRLLRRLLLRRRRRSRSLRSAAAR,Rhoto
qvae_sample_151,MASLLLRRLLLRRRRSSRSLRSAAAS,Rhoto
qvae_sample_156,MASLLLRRLLLRRRRSSRSRSRAARS,Rhoto
qvae_sample_162,MASRLLRRLLRRRRRRSRSLSSAAAS,Rhoto
qvae_sample_167,MASLRLRRLLRRRRRRSRSRRSAAAR,Rhoto
qvae_sample_168,MASLRLRRLLLRRRRRSRSRRLAAAR,Rhoto
qvae_sample_171,MASLRLRRLLLRRRRRSRSRRRAAA,Rhoto
qvae_sample_173,MASLLLRRLLLRRRRSSRSLSRAAAR,Rhoto
qvae_sample_175,MASRLLRRLLLRRRRSSRSRRRAAAR,Rhoto
qvae_sample_180,MASRRLRRLLRRRRRSSRSLRLAAAR,Rhoto
qvae_sample_181,MASRRLRRLLRRRRRSSRSRRRAAA,Rhoto
qvae_sample_183,MASRRLRRLLRRRRRSSRSRRRAAR,Rhoto
qvae_sample_184,MASRLLRRLLRRRRRSSRSLSLAAARS,Rhoto
qvae_sample_185,MASRRLRRLLRRRRRSSRSLSSAAAR,Rhoto
qvae_sample_186,MASRLLRRLLLRRRRSSRSLSSAAAR,Rhoto
qvae_sample_187,MASLRLRRLLLRRRRSSRSLRSAAAR,Rhoto
qvae_sample_188,MASLRLRRRLLRRRRSSRSARRAARS,Rhoto
qvae_sample_190,MASRRLRRLLLRRRRSSRSLRRAAAR,Rhoto
qvae_sample_191,MASRRLRRLLRRRRRRSRSLRSAARR,Rhoto
qvae_sample_192,MASRRLRRRLRRRRRSSRSRRRAA,Rhoto
qvae_sample_204,MASRALRRLLRRRRRRSRSASSAALRS,Rhoto
qvae_sample_206,MASLALRRLLRARRRRSRSLSSAALSSSA,Rhoto
qvae_sample_207,MASLRLRRLLRRRRRRSRSLSSAAASSR,Rhoto
qvae_sample_210,MASLRLRRLLRARRRRSRSLSSAAARSRA,Rhoto
qvae_sample_211,MASRRLRRLLRARRRRSRSLSSAALRS,Rhoto
qvae_sample_212,MASLRLRRLLRRRRRRSRSLSSAAASS,Rhoto
qvae_sample_213,MASLRLRRLLRRRRRRSRSRSSAAAR,Rhoto
qvae_sample_237,MASRALRRLLRRRRRSSRSLSSAAAR,Rhoto
qvae_sample_239,MASRRLRRRLRRRRRSSRSLSRAAAR,Rhoto
qvae_sample_240,MASLRLRRLLRRRRRRSRSLSSAALSS,Rhoto
qvae_sample_241,MASLALRRLLRRRRRRSRSLSSAALSSS,Rhoto
qvae_sample_242,MASLRLRRLLRRRRRSSRSLSSAAAS,Rhoto
qvae_sample_243,MASRLLRRLLRRRRRSSRSLSSAAAS,Rhoto
qvae_sample_244,MASLLLRRLLRRRRRRSRSLRSAALSS,Rhoto
qvae_sample_246,MASRRLRRLLRRRRRRSRSLSSAAAR,Rhoto
qvae_sample_248,MASRRLRRLLRRRRRRSRSLSSRA,Rhoto
qvae_sample_249,MASRRLRRLLRRRRRRSRSLSRAAA,Rhoto
qvae_sample_250,MASRRLRRLLRRRRRRSRSLSSAAA,Rhoto
qvae_sample_251,MASRRLRRLLRRRRRRSRSLRRAAAR,Rhoto
qvae_sample_252,MASRRLRRLLRRRRRRSRSLRRRA,Rhoto
qvae_sample_257,MASRRLRRRLRRRRRRSRSLSSRA,Rhoto
qvae_sample_259,MASLRLRRLLRRRRRRSRSLSSAAA,Rhoto
qvae_sample_263,MASRRLRRLLRRRRRSSRSLSRAAA,Rhoto
qvae_sample_264,MASRRLRRLLRRRRRRSRSLRSAAAR,Rhoto
qvae_sample_271,MASRRLRRLLRRRRRSSRSLSSAAA,Rhoto
qvae_sample_273,MASRRLRRRLRRRRRSSRRLRRAA,Rhoto
qvae_sample_274,MASRRLRRLLRRRRRRSRSLRRAAL,Rhoto
qvae_sample_276,MASLLLRRLLRRRRRRSRSLRSAALR,Rhoto
qvae_sample_282,MASLRLRRLLRRRRRRSRSLSSAAARS,Rhoto
qvae_sample_292,MASLRLRRLLLRRRRRSRSASRAAA,Rhoto
qvae_sample_297,MASLALRRLLLRRRRRSRSLSSAAARS,Rhoto
qvae_sample_307,MASRLLRRLLRRRRRSSRSLSSAAAR,Rhoto
qvae_sample_310,MASRLLRRLLRRRRRSSRSLSRAAAR,Rhoto
qvae_sample_311,MASRLLRRLLRRRRRSSRSLRSAAAR,Rhoto
qvae_sample_321,MASRRLRRLLRRRRRRSRSRSSAARS,Rhoto
qvae_sample_331,MASRLLRRLLRRRRRRSRSLSSAAAR,Rhoto
qvae_sample_333,MASRRLRRRLRRRRRSSRSLSRAAA,Rhoto
qvae_sample_335,MASLLLRRLLRRRRRSSRSLSSAAAS,Rhoto
qvae_sample_337,MASRLLRRLLLRRRRSSRSLSSAAAS,Rhoto
qvae_sample_338,MASRRLRRLLRRRARSSRSLSSAAARS,Rhoto
qvae_sample_345,MASRRLRRLLRRRRRRSRSRSRRA,Rhoto
qvae_sample_346,MASRRLRRLLRRRRRRSRSLRRAAR,Rhoto
qvae_sample_347,MASLRLRRLLRRRRRRSRSLSLAAASS,Rhoto
qvae_sample_348,MASLRLRRLLRRRRRRSRSRSSAAA,Rhoto
qvae_sample_349,MASRRLRRLLRRRRRRSRSLSSAAAS,Rhoto
qvae_sample_351,MASRRLRRRLRRRRRRSRSRRRRA,Rhoto
qvae_sample_352,MASLRLRRLLRRRRRRSRSLSSAAAS,Rhoto
qvae_sample_357,MASRRLRRLLRRRRRSSRSRSRRAA,Rhoto
qvae_sample_361,MASRRLRRRLRRRRRSSRSRRRRA,Rhoto
qvae_sample_362,MASRRLRRLLRRRRRRSRSLRSAAR,Rhoto
qvae_sample_364,MASRRLRRLLRRRRRSSRSLSRAAAR,Rhoto
qvae_sample_371,MASLRLRRLLRRRRRSSRSLSLAAASSS,Rhoto
qvae_sample_374,MASLRLRRLLLRRRRSSRSLSSAAAR,Rhoto
qvae_sample_379,MAARRLRRRLRRRRRSSRSRSRRA,Rhoto
qvae_sample_381,MASRRLRRRLRRRRRRSRSLRSAAR,Rhoto
qvae_sample_382,MASRRLRRRLRRRRRSSRRRRRRA,Rhoto
qvae_sample_383,MASLRLRRRLRRRRRSSRSLSRAAA,Rhoto
qvae_sample_399,MASLALRRLLRRRRRRSRSLSSAALRSS,Rhoto
qvae_sample_401,MASRRLRRLLRRRRRRSRRRSSAA,Rhoto
qvae_sample_408,MASRRLRRLLRRRRRRSRSRSSAAR,Rhoto
qvae_sample_411,MASRRLRRLLRRRARSSRRLRAAAAR,Rhoto
qvae_sample_414,MASRRLRRRLRRRRRRSRSLSSAAAR,Rhoto
qvae_sample_417,MASRRLRRRLRRRARRRRRSRSAAA,Rhoto
qvae_sample_418,MAALRLRRRLRRRRRSSRRLSRAA,Rhoto
qvae_sample_427,MASRLLRRLLRRRRRRSRSLSSAASS,Rhoto
qvae_sample_431,MASRRLRRRLRRRRRRSRSRSSAA,Rhoto
qvae_sample_460,MASLLLRRLLRRRRRSSRSASSAAAR,Rhoto
qvae_sample_462,MASRLLRRRLRRRARSSRSLSSAAAS,Rhoto
qvae_sample_465,MASRLLRRLLRRRRRSSRSRSSAASS,Rhoto
qvae_sample_466,MASLLLRRLLRRRRRSSRSRSSAAA,Rhoto
qvae_sample_473,MASLLLRRLLRRRARSSRSLSAAAARS,Rhoto
qvae_sample_475,MASLLLRRRLRRRARSSRSASSAAR,Rhoto
qvae_sample_477,MASRLLRRRLRRRRRSSRSRRSAAR,Rhoto
qvae_sample_479,MASLLLRRRLRRRARSSRSASRAAAS,Rhoto
qvae_sample_487,MASRLLRRLLRRRARSSRSLSSAAAS,Rhoto
qvae_sample_494,MASRLLRRRLRRRARRSRSRRRAAS,Rhoto
qvae_sample_499,MASRLLRRLLRRRARRSRSLRRAARS,Rhoto
qvae_sample_501,MASRLLRRRLRRRARRSRSRRRAA,Rhoto
qvae_sample_504,MASLLLRRRLRRRRRSSRSRSRAAA,Rhoto
qvae_sample_505,MASRLLLRRLRRRARSSRSRRRAAA,Rhoto
qvae_sample_506,MASRLLRRLLRRRRRSSRSRRRAAAR,Rhoto
qvae_sample_508,MASLLLRRRLRRRRRSSRSRRRAAA,Rhoto
qvae_sample_516,MASRRLRRRLRRRRRRSRSRRSAAR,Rhoto
qvae_sample_519,MASLLLRRRLRRRARSSRSRRRAAA,Rhoto
qvae_sample_522,MASLLLRRRLRRRRRSSRSRRRAA,Rhoto
qvae_sample_523,MAARRLRRRLRRRARSSRSRRRAAR,Rhoto
qvae_sample_525,MASRLLRRRLRRRRRSSRSRRSAAAS,Rhoto
qvae_sample_526,MASLRLRRRLRRRRRSSRSRRRAA,Rhoto
qvae_sample_532,MASLRLRRLLRRRRRRSRSASSAAA,Rhoto
qvae_sample_534,MASRRLRRRLRRRRRRSRSASSAA,Rhoto
qvae_sample_536,MASRRLRRRLRRRRRRSRSASRR,Rhoto
qvae_sample_540,MASRRLRRRLRRRRRRSRSASSS,Rhoto
qvae_sample_550,MASRALRRLLRRRARSSRSSSSAAAR,Rhoto
qvae_sample_551,MASRALRRLLRRRRRSSRSASSAAS,Rhoto
qvae_sample_553,MASRALRRLLRRRARRSRSSSSAAS,Rhoto
qvae_sample_557,MASRALRRLLRRRRRSSRSASSAALS,Rhoto
qvae_sample_558,MASRRLRRLLRRRRRSSRSLSSALR,Rhoto
qvae_sample_559,MASRRLRRLLRRRARSSRSLSSALA,Rhoto
qvae_sample_560,MASRRLRRLLRRRRRRSRSRSSAA,Rhoto
qvae_sample_561,MASRRLRRRLRRRRRRSRSLSSAAR,Rhoto
qvae_sample_563,MASRRLRRRLRRRRRRSRRRSSA,Rhoto
qvae_sample_567,MASRRLRRRLRRRRRRSRRRSSR,Rhoto
qvae_sample_568,MASRRLRRLLRRRRRRSRRASSR,Rhoto
qvae_sample_572,MASRALRRLLRRRRRSSRRLSSAAA,Rhoto
qvae_sample_573,MASRALRRLLRRRARSSRRLSSAAAR,Rhoto
qvae_sample_574,MAARRLRRLLRRRRRSSRRLSSRR,Rhoto
qvae_sample_575,MAARRLRRLLRRRRRSSRSLRSAAA,Rhoto
qvae_sample_576,MASRRLRRLLRRRARSSRRLRRRR,Rhoto
qvae_sample_581,MASRRLRRLLRRRRRRSRRRRRRA,Rhoto
qvae_sample_582,MASRRLRRLLRRRRRSSRRLSSAR,Rhoto
qvae_sample_585,MASRRLRRRLRRRARSRRRLRSAAA,Rhoto
qvae_sample_593,MASRRLRRRLRRRRRRRRRRSSAA,Rhoto
qvae_sample_594,MASRRLRRRLRRRRRRSRSLRSAA,Rhoto
qvae_sample_596,MASRRLRRRLRRRARRRRRRRSAA,Rhoto
qvae_sample_605,MASRRLRRRLRRRRRRSRSASRAR,Rhoto
qvae_sample_616,MASRLLRRRLRRRRRSSRSASRAAA,Rhoto
qvae_sample_626,MASRLLRRRLRRRRRRSRSRSSAAR,Rhoto
qvae_sample_630,MASLLLRRRLRRRRRSSRSSSRAAA,Rhoto
qvae_sample_631,MASLLLRRRLRRRRRSSRSSSRAAAR,Rhoto
qvae_sample_634,MASRLLRRRLRRRRRSSRSASRAAS,Rhoto
qvae_sample_637,MASRLLRRRLRRRARRSRSLSSAAAR,Rhoto
qvae_sample_638,MASRLLRRRLRRRRRSSRSLSRAA,Rhoto
qvae_sample_639,MASRLLRRRLRRRRRRSRSSSSAA,Rhoto
qvae_sample_643,MASRLLRRRLRRRARSSRSLSSAASS,Rhoto
qvae_sample_644,MASLLLRRRLRRRRRSSRSSSRAAR,Rhoto
qvae_sample_647,MASRLLRRRLRRRRRRSRSSSSAR,Rhoto
qvae_sample_648,MASRLLRRRLRRRARRSRSLSSAAR,Rhoto
qvae_sample_649,MASRLLRRRLRRRRRRSRSRSSAR,Rhoto
qvae_sample_650,MASRLLRRRLRRRRRRSRSRRSAA,Rhoto
qvae_sample_653,MASRRLRRRLRRRRRRSRSRSSAAR,Rhoto
qvae_sample_659,MASLRLRRLLRRRRRSSRSLSSAAAR,Rhoto
qvae_sample_661,MASLLLRRRLRRRRRSSRSRSRARA,Rhoto
qvae_sample_665,MASRRLRRLLRRRRRSSRSRSSRA,Rhoto
qvae_sample_668,MASRRLRRRLRRRRRRSRSLSSAAA,Rhoto
qvae_sample_669,MAARRLRRRLRRRRRSSRRRSRRA,Rhoto
qvae_sample_670,MASRRLRRRLRRRRRRSRRRSRRA,Rhoto
qvae_sample_673,MASRALRRRLRRRRRRSRRRSRRA,Rhoto
qvae_sample_676,MASRRLRRRLRRRRRRSRSRRSAA,Rhoto
qvae_sample_678,MASLRLRRLLRRRRRSSRSLSSAAA,Rhoto
qvae_sample_686,MASLRLRRRLRRRRRSSRSRSRAR,Rhoto
qvae_sample_688,MAARRLRRRLRRRRRSRRRSRSRR,Rhoto
qvae_sample_693,MAARRLRRRLRRRRRSSRSLSSAA,Rhoto
qvae_sample_709,MAALRLRRLLRRRRRSSRSLSSAAAS,Rhoto
qvae_sample_710,MASRRLRRLLRRRARRSRRLSSAAAS,Rhoto
qvae_sample_718,MASRRLRRLLRRRRRRSRRRSRAR,Rhoto
qvae_sample_720,MASRRLRRLLRRRRRRSRSRSRAA,Rhoto
qvae_sample_723,MASRRLRRLLRRRRRRSRRRSRR,Rhoto
qvae_sample_725,MASRRLRRLLRRRRRRSRSRRRAA,Rhoto
qvae_sample_726,MASRRLRRRLRRRRRRSRRRSRA,Rhoto
qvae_sample_735,MASRRLRRLLRRRRRRSRSRRSAA,Rhoto
qvae_sample_740,MASRRLRRLLRRRRRRSRRRSSA,Rhoto
qvae_sample_743,MASRRLRRLLRRRRRRSRSRSSA,Rhoto
qvae_sample_744,MASRRLRRRLRRRRRRSRRRSRR,Rhoto
qvae_sample_748,MASRRLRRLLRRRRRSSRSRSSAA,Rhoto
qvae_sample_757,MASRLLRRRLRRRRRRSRSRSRA,Rhoto
qvae_sample_762,MASRLLRRRLRRRRRRRRRSSRA,Rhoto
qvae_sample_767,MASLLLRRLLRRRRRSSRSLRSAAARSS,Rhoto
qvae_sample_797,MASLLLRRLLLRRRRSSRSARSAAAS,Rhoto
qvae_sample_803,MASRLLRRLLLRRRRRSRSRRSAASR,Rhoto
qvae_sample_805,MASRLLRRLLLRRRRRSRSLRSAASRS,Rhoto
qvae_sample_813,MAALRLRRLLLRRRRRSRSRSLAAAS,Rhoto
qvae_sample_818,MASLALRRLLLRRRRSSRSLSSAAASAAARALSR,Rhoto
qvae_sample_820,MASLALRRLLLRRRRRSRSLSSAALRAAA,Rhoto
qvae_sample_821,MASLALRRLLLRRRRSSRSASSAALRAR,Rhoto
qvae_sample_822,MASLALRRLLLRRRRSSRSASSAALSAR,Rhoto
qvae_sample_826,MASLALRRLLLRRRRSSRSLSSAAASAAARALAR,Rhoto
qvae_sample_849,MASLRLRRLLLRRRRSSRSASSAAARAA,Rhoto
qvae_sample_855,MASLRLRRLLRRRRRSSRSLSSAAASA,Rhoto
qvae_sample_857,MASLRLRRLLRRRRRSSRSLSSAALSSA,Rhoto
qvae_sample_858,MASLALRRLLRRRRRRSRSLASAAAS,Rhoto
qvae_sample_868,MASLLLRRLLRRRRRSSRSLSSAALSAS,Rhoto
qvae_sample_870,MASLRLRRLLRRRRRSSRSLSSAAARA,Rhoto
qvae_sample_872,MASLRLRRLLRRRRRSSRSLSSAAASAAA,Rhoto
qvae_sample_875,MASLRLRRLLRRRRRSSRSLSSAAARAAA,Rhoto
qvae_sample_883,MASRRLRRLLRRRRRSSRSLSSAARR,Rhoto
qvae_sample_884,MASRRLRRLLRRRRRRSRSLSSAARR,Rhoto
qvae_sample_885,MASLRLRRLLRRRRRSSRSLSSAALS,Rhoto
qvae_sample_886,MASLRLRRLLRRRRRSSRSLSSAARS,Rhoto
qvae_sample_887,MASLRLRRLLRRRRRRSRSLSSAARS,Rhoto
qvae_sample_889,MASRRLRRLLRRRRRSSRSRSRAAR,Rhoto
qvae_sample_890,MASLRLRRLLLRRRRRSRSASSAALRSS,Rhoto
qvae_sample_894,MASLALRRLLLRRRRRSRSLSSAALSSRA,Rhoto
qvae_sample_896,MASLALRRLLLRRRRRSRSARSAALRSR,Rhoto
qvae_sample_897,MASLALRRLLRARRRRSRSASSAAASSRA,Rhoto
qvae_sample_899,MASLALRRLLRARRRRSRSLSSAAARSAA,Rhoto
qvae_sample_903,MASLALRRLLRARRRRSRSLSSAALSSRA,Rhoto
qvae_sample_912,MASLRLRRLLLRRRRRSRSARSAALRS,Rhoto
qvae_sample_913,MASLALRRLLLRRRRRSRSARRAALSAS,Rhoto
qvae_sample_915,MASLALRRLLLRRRRRSRSARSAALSASA,Rhoto
qvae_sample_916,MASLRLRRLLRRRRRRSRSARSAALR,Rhoto
qvae_sample_917,MASLRLRRLLLRRRRRSRSARRAALS,Rhoto
qvae_sample_920,MASLALRRLLLRRRRRSRSARSAALSAR,Rhoto
qvae_sample_922,MASLALRRLLLARRRRSRSLRSAALSAR,Rhoto
qvae_sample_936,MASLALRRLLRRRRRSSRSLSSAAASSR,Rhoto
qvae_sample_942,MASLALRRLLRRRRRSSRSLSSAAARSR,Rhoto
qvae_sample_943,MASLLLRRLLRRRRRSSRSLSSAALSSR,Rhoto
qvae_sample_945,MASLALRRLLRRRRRRSRSLSSAALSSRA,Rhoto
qvae_sample_959,MASLLLRRLLRRRRRSSRSASSAAAS,Rhoto
qvae_sample_964,MASLLLRRLLLRRRRRSRSARSAALSSS,Rhoto
qvae_sample_965,MASLALRRLLRRRSRRSRSLLSAAASAAARALSR,Rhoto
qvae_sample_968,MASLALRRLLRRRRRRSRSLSSAASSASARALSR,Rhoto
qvae_sample_970,MASLALRRLLLRRRRSSRSLSSAALSASA,Rhoto
qvae_sample_971,MASLALRRLLLRRRRRSRSLSSAASSSR,Rhoto
qvae_sample_972,MASRLLRRLLRRRARSSRSLSSAAASS,Rhoto
qvae_sample_976,MASLALRRLLRRRRRSSRSLSSAAASAR,Rhoto
qvae_sample_977,MASLALRRLLRRRRRSSRSLSSAAASS,Rhoto
qvae_sample_978,MASLLLRRLLRRRRRSSRSLRSAALSSR,Rhoto
qvae_sample_986,MASLALRRLLRRRRRRSRSLSSAALSSR,Rhoto
qvae_sample_987,MASLLLRRLLRRRRRSSRSASSAARS,Rhoto
qvae_sample_988,MASLLLRRLLRRRRRSSRSLSSAARS,Rhoto
qvae_sample_990,MASRRLRRLLRRRRRSSRSARRAAAR,Rhoto
qvae_sample_991,MASLALRRLLRRRRRSSRSLRLAAARSR,Rhoto
qvae_sample_993,MASLRLRRLLRRRRRRSRSARSAAAR,Rhoto
qvae_sample_995,MASLRLRRLLRRRRRRSRSARRAAAR,Rhoto
qvae_sample_996,MASLALRRLLLRRRRRSRSARSAALSAS,Rhoto
qvae_sample_997,MASRRLRRLLRRRRRSSRSARRAAA,Rhoto
qvae_sample_1000,MASLRLRRLLRRRRRRSRSARRAALR,Rhoto
qvae_sample_1002,MASLLLRRLLRRRRRSSRSLRRAAASS,Rhoto
qvae_sample_1004,MASLLLRRLLLRRRRSSRSLRSAAASSS,Rhoto
qvae_sample_1006,MASRRLRRLLRRRARSSRSLRRAAAR,Rhoto
qvae_sample_1009,MASLALRRLLRRRRRSSRSLRSAAAR,Rhoto
qvae_sample_1011,MASRALRRLLRRRRRSSRSLRSAAASS,Rhoto
qvae_sample_1012,MASLLLRRLLRRRRRSSRSLRRAAAR,Rhoto
qvae_sample_1014,MASRALRRLLRRRRRSSRSLRSAAAS,Rhoto
qvae_sample_1016,MASLRLRRLLRRRRRSSRSLRRAAAS,Rhoto
qvae_sample_1020,MASRRLRRLLRRRARSSRSLRRAAAS,Rhoto
qvae_sample_1021,MASRRLRRRLRRRRRSSRSRRRAAR,Rhoto
qvae_sample_1023,MASLALRRLLRRRRRSSRSLRSAAAS,Rhoto
qvae_sample_1028,MASLLLRRLLLRRARSSRSASAAAARSS,Rhoto
qvae_sample_1032,MLSLLLRRLLLRRRRRSRSARRAAAR,Rhoto
qvae_sample_1034,MASLALRRLLLRRRRSSRSASSAALRSSA,Rhoto
qvae_sample_1035,MASLALRRLLLRRRRSSRSASSAAASSAA,Rhoto
qvae_sample_1044,MASLALRRLLLRRARSSRSASAAAARS,Rhoto
qvae_sample_1048,MASLALRRLLLRRRRSSRSASLAAARSRA,Rhoto
qvae_sample_1059,MASLALRRLLLRRRRSSRSASSAAASSR,Rhoto
qvae_sample_1063,MASLLLRRLLLRRRRSSRSASRAALRS,Rhoto
qvae_sample_1064,MASLLLRRLLLRRRRRSRSASRAARSSR,Rhoto
qvae_sample_1070,MASLALRRLLLRRSRSSRSARRAAASAS,Rhoto
qvae_sample_1071,MASLALRRLLLRRSRRSRSARSAALRSS,Rhoto
qvae_sample_1074,MASLALRRLLLRRSRRSRSASSAAASAAARALSR,Rhoto
qvae_sample_1076,MASLALRRLLLRRSRSSRSASRAAASASA,Rhoto
qvae_sample_1077,MASLALRRLLLRRRRRSRSASSAAASSSA,Rhoto
qvae_sample_1079,MASLALRRLLLRRRRSSRSARRAALSAS,Rhoto
qvae_sample_1082,MASLLLRRLLLRRRRRSRSASRAALSAS,Rhoto
qvae_sample_1083,MASLALRRLLLRRARRSRSARRAAAR,Rhoto
qvae_sample_1085,MASLALRRLLLRRRRSSRSARRAAASA,Rhoto
qvae_sample_1086,MASLALRRLLLRRRRRSRSARSAALSSSA,Rhoto
qvae_sample_1093,MASLLLRRLLLRRRRSSRSASRAALSS,Rhoto
qvae_sample_1099,MASLLLRRLLLRRRRSSRSLSRAAASSS,Rhoto
qvae_sample_1106,MASRLLRRLLLRRRRSSRSARRAAARS,Rhoto
qvae_sample_1120,MASLLLRRLLLRRRRSSRSLSRAAARSS,Rhoto
qvae_sample_1124,MASLLLRRLLLRRARSSRSLSAAAARAS,Rhoto
qvae_sample_1133,MASRLLRRLLLRRRRSSRSASRAAAR,Rhoto
qvae_sample_1138,MASLLLRRLLRRRRRSSRSLSAAAASS,Rhoto
qvae_sample_1156,MASRLLRRLLLRRRRSSRSRSRAARS,Rhoto
qvae_sample_1179,MLSRLLRRLLLRRRRSSRSASRAAAS,Rhoto
qvae_sample_1190,MASLLLRRLLLRRRRSSRSASRAARR,Rhoto
qvae_sample_1203,MASLLLRRLLLRRRRSSRSARRAAASS,Rhoto
qvae_sample_1205,MASLLLRRLLLRRRRRSRSLSSAALSAS,Rhoto
qvae_sample_1206,MASLLLRRLLLRRARRSRSASRAAASAS,Rhoto
qvae_sample_1208,MASLLLRRLLLRRRRRSRSLSRAALSSS,Rhoto
qvae_sample_1210,MASRLLRRLLRRRARSSRSASRAAAS,Rhoto
qvae_sample_1218,MASRLLRRLLLRRRRSSRSASRAAAS,Rhoto
qvae_sample_1224,MASLLLRRLLLRRRRSSRSASRAARS,Rhoto
qvae_sample_1226,MASLLLRRLLRRRRRSSRSLSSAARSS,Rhoto
qvae_sample_1229,MASLLLRRLLRRRRRSSRSLSRAAASS,Rhoto
qvae_sample_1233,MASLLLRRLLRRRRRSSRSRSRAARS,Rhoto
qvae_sample_1234,MASLLLRRLLLRRRRSSRSLSRAARSSR,Rhoto
qvae_sample_1236,MASRLLRRLLRRRARSSRSASRAARS,Rhoto
qvae_sample_1240,MASLLLRRLLRRRRRRSRSLSSAARS,Rhoto
qvae_sample_1247,MASLLLRRLLLRRRRSSRSASRAAAR,Rhoto
qvae_sample_1248,MASLRLRRLLLRRRRSSRSARRAAAR,Rhoto
qvae_sample_1251,MASLLLRRLLLRRRRSSRSARRAAARS,Rhoto
qvae_sample_1256,MASRRLRRLLRRRARRSRSRSRAAAR,Rhoto
qvae_sample_1257,MASRRLRRLLRRRRRRSRSRRRRAR,Rhoto
qvae_sample_1259,MASLALRRLLRRRRRRSRSASLAAAR,Rhoto
qvae_sample_1262,MASLRLRRLLRRRRRRSRSRSRAAAR,Rhoto
qvae_sample_1267,MASLALRRLLLRRRRSSRSARRAAAS,Rhoto
qvae_sample_1269,MAALRLRRLLRRRARSSRSRRRAAR,Rhoto
qvae_sample_1276,MASLALRRLLLRRRRRSRSARSAAAS,Rhoto
qvae_sample_1280,MASLLLRRLLLRRRRSSRSRSRAAAR,Rhoto
qvae_sample_1281,MASRLLRRLLRRRRRSSRSLRRAAAR,Rhoto
qvae_sample_1283,MASLLLRRLLLRRRRSSRSARRAAAR,Rhoto
qvae_sample_1292,MASLLLRRLLLRRRRSSRSLRRAAARS,Rhoto
qvae_sample_1294,MASLLLRRLLLRRRRSSRSRSRAAASS,Rhoto
qvae_sample_1295,MASLLLRRLLLRRRRSSRSRRRAAAR,Rhoto
qvae_sample_1303,MASRLLRRLLRRRARSSRSRRRAAAR,Rhoto
qvae_sample_1328,MASRALRRLLRRRRRRSRSLSSAAAR,Rhoto
qvae_sample_1344,MASRRLRRLLRRRARSSRSARRAAAR,Rhoto
qvae_sample_1346,MASLLLRRLLRRRRRSSRSARRAARR,Rhoto
qvae_sample_1348,MASLLLRRLLLRRRRSSRSARRAARR,Rhoto
qvae_sample_1352,MASLLLRRLLLRRRRSSRSARRAAASA,Rhoto
qvae_sample_1357,MASLLLRRLLLRRRRSSRSARRAARS,Rhoto
qvae_sample_1364,MASRLLRRLLRRRRRRSRSLRRAARR,Rhoto
qvae_sample_1365,MAARRLRRLLRRRARSSRSRRRAAR,Rhoto
qvae_sample_1366,MASRRLRRLLRRRARRSRRRRRAAR,Rhoto
qvae_sample_1369,MASRLLRRRLRRRRRSSRSRRRAAR,Rhoto
qvae_sample_1370,MASLLLRRLLRRRRRRSRSLSSAAAS,Rhoto
qvae_sample_1371,MASLLLRRLLRRRRRSSRSRRRAARS,Rhoto
qvae_sample_1372,MASRLLRRLLRRRRRRSRSLRSAAAS,Rhoto
qvae_sample_1373,MASLLLRRLLRRRRRRSRSLRSAARR,Rhoto
qvae_sample_1375,MASLLLRRLLLRRRRRSRSLRSAARR,Rhoto
qvae_sample_1376,MASRLLRRLLLRRRRSSRSRRRAARS,Rhoto
qvae_sample_1377,MASLLLRRLLRRRRRSSRSRSRAAAS,Rhoto
qvae_sample_1387,MASRRLRRLLRRRRRSSRSRRRAARS,Rhoto
qvae_sample_1390,MASLLLRRLLLRRRRSSRSRRSAARS,Rhoto
qvae_sample_1392,MASRLLRRLLRRRRRRSRSLSSAARS,Rhoto
qvae_sample_1395,MASRALRRLLRARRRRSRSASSAALRSR,Rhoto
qvae_sample_1396,MASRALRRLLRARRRRSRSASSAALRSRA,Rhoto
qvae_sample_1397,MASRALRRLLRRRRRRSRSASSAALR,Rhoto
qvae_sample_1400,MASLALRRLLRARRRRSRSLSSAALSSAA,Rhoto
qvae_sample_1406,MASLALRRLLRARRRRSRSASSAALRS,Rhoto
qvae_sample_1409,MASLALRRLLRARRRRSRSLSSAALRASA,Rhoto
qvae_sample_1410,MASRRLRRLLRARRRRSRSASSAALRS,Rhoto
qvae_sample_1413,MASLALRRLLRARRRRSRSLSSAALSSR,Rhoto
qvae_sample_1415,MASLALRRLLRARRRRSRSLSSAALRSAA,Rhoto
qvae_sample_1416,MASLRLRRLLRARRRRSRSASSAALRS,Rhoto
qvae_sample_1425,MASRALRRLLRRRRRSSRSASSAALR,Rhoto
qvae_sample_1433,MASLALRRLLRRRRRSSRSLSSAALSS,Rhoto
qvae_sample_1434,MASLALRRLLRARRRRSRSASSAALSSS,Rhoto
qvae_sample_1438,MASLRLRRLLRRRRRRSRSASSAALR,Rhoto
qvae_sample_1439,MASLRLRRLLRRRRRRSRSASRAALS,Rhoto
qvae_sample_1440,MASRRLRRLLRRRRRRSRSASSAALR,Rhoto
qvae_sample_1442,MASLALRRLLRARRRRSRSLSSAALSASA,Rhoto
qvae_sample_1444,MASLALRRLLRRRRRRSRSLSSAALSS,Rhoto
qvae_sample_1446,MASLALRRLLRARRRRSRSLSRAALSS,Rhoto
qvae_sample_1450,MASRALRRLLRRRRRRSRSASRAALS,Rhoto
qvae_sample_1458,MASRALRRLLRARRRSSRSLSSAAASAAA,Rhoto
qvae_sample_1468,MASLALRRLLRRRRRSSRSLSSAAASSA,Rhoto
qvae_sample_1471,MASLALRRLLRRRRRRSRSLSSAALSSAA,Rhoto
qvae_sample_1474,MASRRLRRLLRRRRRRSRSLSSAALSS,Rhoto
qvae_sample_1479,MASLRLRRLLRARRRRSRSLSSAALSSAA,Rhoto
qvae_sample_1481,MASLRLRRLLRRRRRRSRSLSSAALSSR,Rhoto
qvae_sample_1495,MASRALRRLLRRRRRSSRSLSSAAAS,Rhoto
qvae_sample_1498,MASRALRRLLRRRRRRSRSLSSAALSS,Rhoto
qvae_sample_1500,MASRLLRRLLRRRRRSSRSLSSAALS,Rhoto
qvae_sample_1501,MASLALRRLLRRRRRSSRSLSSAALSSAA,Rhoto
qvae_sample_1505,MASLLLRRLLRRRRRSSRSLSRAAAS,Rhoto
qvae_sample_1506,MASLALRRLLRRRRRSSRSLSSAALSSS,Rhoto
qvae_sample_1508,MASLLLRRLLRRRRRSSRSLSSAALS,Rhoto
qvae_sample_1509,MASLLLRRLLRRRRRSSRSLSSAALSS,Rhoto
qvae_sample_1511,MASLLLRRLLRRRRRRSRSLSSAALSS,Rhoto
qvae_sample_1517,MASLRLRRLLRRRRRRSRSLSSAALRAS,Rhoto
qvae_sample_1519,MASRRLRRLLRRRRRRSRSLSSAALS,Rhoto
qvae_sample_1524,MASLALRRLLRRRRRRSRSLSSAALSASA,Rhoto
qvae_sample_1529,MASLALRRLLRRRRRSSRSLSSAALSSR,Rhoto
qvae_sample_1532,MASLLLRRLLRRRRRRSRSLSSAALS,Rhoto
qvae_sample_1537,MASRRLRRLLRRRRRRSRSLRRRAR,Rhoto
qvae_sample_1544,MASLALRRLLRRRRRRSRSLRSAAAR,Rhoto
qvae_sample_1545,MASLRLRRLLRRRRRRSRSARSRAA,Rhoto
qvae_sample_1547,MASLRLRRLLRRRRRSSRSLSRAAL,Rhoto
qvae_sample_1549,MASRRLRRLLRRRRRRSRSARSRA,Rhoto
qvae_sample_1550,MASRRLRRRLRRRRRRSRSLRRAAL,Rhoto
qvae_sample_1553,MASLALRRLLRRRRRRSRSLASAALSS,Rhoto
qvae_sample_1559,MASLRLRRLLRRRRRRSRSARSAAA,Rhoto
qvae_sample_1560,MASLRLRRLLRRRRRRSRSLRSAAAS,Rhoto
qvae_sample_1561,MASLRLRRLLRRRRRRSRSLRSAALR,Rhoto
qvae_sample_1563,MASLRLRRLLRRRRRRSRSLRRAAL,Rhoto
qvae_sample_1568,MASRALRRLLRRRRRSSRSLSSRAA,Rhoto
qvae_sample_1572,MASRRLRRLLRRRRRSSRRLRRRAA,Rhoto
qvae_sample_1583,MASRRLRRLLRRRRRSSRSLRAAAA,Rhoto
qvae_sample_1584,MASRRLRRLLRRRRRSSRSLRRAAAR,Rhoto
qvae_sample_1591,MASLRLRRLLRRRRRSSRSLRSAAAS,Rhoto
qvae_sample_1594,MASRRLRRLLRRRRRSSRSLSSAALS,Rhoto
qvae_sample_1596,MASRRLRRLLRRRRRSSRSRSSRAR,Rhoto
qvae_sample_1598,MASRRLRRLLRRRRRSSRRLSRAAA,Rhoto
qvae_sample_1599,MASRRLRRLLRRRRRRSRSSRSAAR,Rhoto
qvae_sample_1605,MASRRLRRLLRRRRRSSRSLSSAALR,Rhoto
qvae_sample_1606,MASRRLRRLLRRRRRRSRSLRSAALR,Rhoto
qvae_sample_1607,MASRRLRRRLRRRRRSSRRRRSRA,Rhoto
qvae_sample_1608,MASRRLRRRLRRRRRSSRSLRRAA,Rhoto
qvae_sample_1610,MASRRLRRRLRRRRRSRRRRRRRA,Rhoto
qvae_sample_1611,MASLALRRLLRRRRRSSRSLSSAALS,Rhoto
qvae_sample_1615,MASLALRRLLRRRRRSSRSLSSAAAS,Rhoto
qvae_sample_1619,MASLLLRRLLRRRRRRSRSLRSAALS,Rhoto
qvae_sample_1621,MASRLLRRLLRRRRRRSRSLASAALS,Rhoto
qvae_sample_1622,MAALRLRRLLRRRRRSSRSRRSAAR,Rhoto
qvae_sample_1624,MASRRLRRLLRRRRRRSRSLRRAAA,Rhoto
qvae_sample_1626,MASRALRRLLRRRRRRSRSLRSAALS,Rhoto
qvae_sample_1627,MASRRLRRLLRRRRRSSRSLRSAAA,Rhoto
qvae_sample_1628,MASRLLRRLLRRRRRSSRSLRSAALS,Rhoto
qvae_sample_1632,MASRRLRRLLRRRRRSSRSLSRAAAS,Rhoto
qvae_sample_1634,MASRRLRRLLRRRRRSSRRRSRAAA,Rhoto
qvae_sample_1640,MASLLLRRLLLRRARSSRSASRAAASSS,Rhoto
qvae_sample_1642,MASLLLRRLLLRRRRSSRSASRAASR,Rhoto
qvae_sample_1651,MASLALRRLLLRRRRSSRSASRAAAR,Rhoto
qvae_sample_1661,MASLLLRRLLLRRRRSSRSASSAALS,Rhoto
qvae_sample_1662,MASLLLRRLLRRRRRRSRSASRAALR,Rhoto
qvae_sample_1665,MASLLLRRLLLRRARSSRSASRAAASA,Rhoto
qvae_sample_1667,MASLALRRLLLRRRRSSRSASRAALSAS,Rhoto
qvae_sample_1672,MASLLLRRLLRRRARSSRSASRAAAR,Rhoto
qvae_sample_1679,MASLALRRLLLRRRRSSRSASRAALS,Rhoto
qvae_sample_1686,MASLLLRRLLRRRRRRSRSRSRAALS,Rhoto
qvae_sample_1753,MASLLLRRLLRRRRRSSRSASRAAAS,Rhoto
qvae_sample_1756,MASLLLRRLLRRRRRSSRSASSAASR,Rhoto
qvae_sample_1757,MASLLLRRLLLRRRRSSRSASRAASS,Rhoto
qvae_sample_1771,MASLLLRRLLRRRRRSSRSARRAASS,Rhoto
qvae_sample_1777,MASLLLRRLLLRRRRSSRSLSSAALSAS,Rhoto
qvae_sample_1785,MASRLLRRRLRRRRRSSRSASRAA,Rhoto
qvae_sample_1786,MASRLLRRRLRRRRRSSRSASRAAR,Rhoto
qvae_sample_1787,MASLLLRRLLRRRRRSSRSASSAALSS,Rhoto
qvae_sample_1795,MASLLLRRLLRRRRRSSRSASSAALS,Rhoto
qvae_sample_1802,MASRLLRRLLRRRRRSSRSLSSAALSS,Rhoto
qvae_sample_1816,MASRLLRRRLRRRRRSSRSASRAARS,Rhoto
qvae_sample_1818,MASRLLRRRLRRRRRRSRSRSRAAR,Rhoto
qvae_sample_1819,MASRLLRRLLRRRRRRSRSLSSAALSS,Rhoto
qvae_sample_1820,MASRLLRRLLRRRRRSSRSLSSAARS,Rhoto
qvae_sample_1823,MASLALRRLLLRRRRSSRSASRAAASS,Rhoto
qvae_sample_1825,MASRRLRRLLRRRRRRSRSRSRRAA,Rhoto
qvae_sample_1826,MASRRLRRLLRRRARRSRSRSRAAA,Rhoto
qvae_sample_1827,MASRRLRRLLRRRRRRSRSLSRAARR,Rhoto
qvae_sample_1828,MAARRLRRLLRRRRRRSRSRSRRAR,Rhoto
qvae_sample_1831,MASRRLRRLLRRRRRRSRSRRRAAR,Rhoto
qvae_sample_1836,MASRRLRRLLRRRRRRSRSLSSAALR,Rhoto
qvae_sample_1840,MASRLLRRLLRRRRRRSRSLSSAALR,Rhoto
qvae_sample_1841,MASLRLRRLLRRRRRRSRSRRRRAA,Rhoto
qvae_sample_1842,MASLRLRRLLRRRRRSSRSASRAAAR,Rhoto
qvae_sample_1843,MASLALRRLLLRRRRSSRSASRAAAS,Rhoto
qvae_sample_1859,MASLRLRRLLRRRRRRSRSRRRAAA,Rhoto
qvae_sample_1860,MASLRLRRRLRRRRRRSRSRRRRA,Rhoto
qvae_sample_1861,MASLRLRRLLRRRRRRSRSLSRAAAS,Rhoto
qvae_sample_1866,MASRLLRRLLRRRRRRSRSLSRAAAR,Rhoto
qvae_sample_1868,MASLLLRRLLLRRRRSSRSRRRRAA,Rhoto
qvae_sample_1870,MASRLLRRLLRRRRRSSRSRSRAARR,Rhoto
qvae_sample_1879,MASLLLRRLLLRRRRSSRSLSSAASS,Rhoto
qvae_sample_1881,MASLLLRRLLRRRRRSSRSLSSAAASA,Rhoto
qvae_sample_1894,MASRRLRRLLRRRRRRSRRRSRRAA,Rhoto
qvae_sample_1895,MASRRLRRLLRRRRRRSRSRSSAARR,Rhoto
qvae_sample_1896,MASRLLRRRLRRRRRSSRSRSRRAR,Rhoto
qvae_sample_1905,MASRRLRRLLRRRRRRSRSLSAAAAR,Rhoto
qvae_sample_1926,MASLLLRRLLRRRRRSSRSSSSAALR,Rhoto
qvae_sample_1929,MASLLLRRLLRRRRRSSRSSSRAAR,Rhoto
qvae_sample_1930,MASLLLRRLLRRRRRSSRSRSRAAAR,Rhoto
qvae_sample_1934,MASLRLRRLLRRRRRSSRSRRRAAR,Rhoto
qvae_sample_1935,MASLRLRRLLRRRRRRSRSARSAASR,Rhoto
qvae_sample_1936,MASLRLRRRLRRRRRSSRSRRRAAS,Rhoto
qvae_sample_1942,MASLLLRRLLLRRRRSSRSRSRAAAS,Rhoto
qvae_sample_1944,MASLLLRRLLRRRRRRSRSLRSAAASS,Rhoto
qvae_sample_1947,MASLLLRRLLLRRRRSSRSRSRAASS,Rhoto
qvae_sample_1949,MASLRLRRLLRRRRRSSRSRSRAAAS,Rhoto
qvae_sample_1959,MASRRLRRRLRRRRRSRRSRSRRA,Rhoto
qvae_sample_1964,MASRLLRRLLRRRRRRRRSLRSAAR,Rhoto
qvae_sample_1968,MASRLLRRRLRRRRRSSRRRRRRA,Rhoto
qvae_sample_1984,MASRLLRRRLRRRRRSSRSRRRRA,Rhoto
qvae_sample_1986,MASRRLRRRLRRRRRSSRSRSRAAA,Rhoto
qvae_sample_1987,MASRRLRRRLRRRRRRSRRRSRAA,Rhoto
qvae_sample_2009,MASLRLRRLLRRRRRRSRSRSSAALSS,Rhoto
qvae_sample_2011,MASRRLRRRLRRRRRRRRSRSRRA,Rhoto
qvae_sample_2013,MASRLLRRRLRRRRRSSRSRSSAAR,Rhoto
qvae_sample_2022,MASRALRRLLRRRRRRSRSRSRAALS,Rhoto
qvae_sample_2025,MASRRLRRLLRRRRRRSRRRSRAAR,Rhoto
qvae_sample_2026,MASRALRRLLRRRRRRSRSLSSAAAS,Rhoto
qvae_sample_2037,MASRLLRRLLLRRRRRSRSRSRAA,Rhoto
qvae_sample_2040,MASLALRRLLLRRRRRSRSRSRAALS,Rhoto
qvae_sample_2045,MASRLLRRLLLRRRRSSRSRSRAARR,Rhoto
qvae_sample_2057,MASRLLRRLLLRRARRSRSRSRAARS,Rhoto
qvae_sample_2060,MASLLLRRLLRRRRRRSRSLSSAARSS,Rhoto
qvae_sample_2066,MASLALRRLLRRRRRRSRSLSSAALRSRA,Rhoto
qvae_sample_2073,MASRRLRRLLRRRRRRSRRRSRAA,Rhoto
qvae_sample_2076,MASRALRRLLRRRRRRSRSRSSAALS,Rhoto
qvae_sample_2081,MASRLLRRLLRRRRRRSRSRSRAA,Rhoto
qvae_sample_2084,MASRALRRLLRRRRRRSRSLSSAALS,Rhoto
qvae_sample_2085,MASLALRRLLRRRRRRSRSLSSAALS,Rhoto
qvae_sample_2088,MASRRLRRLLRRRRRRSRSRSSAAL,Rhoto
qvae_sample_2090,MASRALRRLLRRRRRRSRSRSSAAL,Rhoto
qvae_sample_2097,MASRALRRLLRRRRRRSRSLSSAALR,Rhoto
qvae_sample_2103,MASRALRRLLRRRRRRSRSLSSAARS,Rhoto
qvae_sample_2104,MASRALRRLLRRRRRRSRSRSSAAR,Rhoto
qvae_sample_2118,MASRALRRRLRRRARSSRSASSAAASA,Rhoto
qvae_sample_2122,MASLALRRLLLRRRRSSRSASSAAASAA,Rhoto
qvae_sample_2125,MASRLLRRRLRRRARSSRSASRAAAS,Rhoto
qvae_sample_2126,MASRLLRRRLRRRARSSRSASSAAAS,Rhoto
qvae_sample_2127,MASRALRRLLRRRARSSRSASSAAASA,Rhoto
qvae_sample_2132,MASLALRRLLRRRARSSRSLSSAAASSAA,Rhoto
qvae_sample_2135,MASLALRRLLRRRRRSSRSLSSAAASAA,Rhoto
qvae_sample_2138,MASLALRRLLLRRRRSSRSSSSAAASAA,Rhoto
qvae_sample_2140,MASLLLRRRLRRRRRSSRSASRAAASA,Rhoto
qvae_sample_2141,MASLLLRRRLRRRARSSRSASSAAAS,Rhoto
qvae_sample_2145,MASLALRRLLLRRARSSRSASSAAASAA,Rhoto
qvae_sample_2146,MASRALRRLLRRRARSSRSSSSAAASA,Rhoto
qvae_sample_2148,MASLLLRRRLRRRARSSRSASRAARS,Rhoto
qvae_sample_2149,MASRRLRRRLRRRARSSRSASRAARS,Rhoto
qvae_sample_2155,MASLRLRRLLRRRARSSRSASSAAAS,Rhoto
qvae_sample_2159,MASLLLRRRLRRRRRSSRSASSAARS,Rhoto
qvae_sample_2163,MASRRLRRRLRRRARSSRSASRAAAR,Rhoto
qvae_sample_2164,MASRALRRLLRRRRRSSRSASRAAAR,Rhoto
qvae_sample_2165,MASRALRRLLRRRARRSRSARSAAAR,Rhoto
qvae_sample_2166,MASLLLRRRLLRRRRSSRSASRAAA,Rhoto
qvae_sample_2167,MASRLLLRRLRRRARSSRSARRAAA,Rhoto
qvae_sample_2174,MASRLLRRRLRRRARSSRSRSSAAAS,Rhoto
qvae_sample_2176,MASRLLRRRLRRRARSSRSARRAAAR,Rhoto
qvae_sample_2178,MLSRALRRLLRRRRRSSRSASSAAASA,Rhoto
qvae_sample_2181,MASLRLRRRLRRRRRSSRSASRAAA,Rhoto
qvae_sample_2182,MASRRLRRRLRRRARSSRSSRRAAA,Rhoto
qvae_sample_2183,MASLRLRRLLRRRRRSSRSARRAAAR,Rhoto
qvae_sample_2184,MASRLLRRRLRRRARRSRSSRRAAAR,Rhoto
qvae_sample_2185,MASLRLRRRLRRRRRSSRSARRAAA,Rhoto
qvae_sample_2186,MASLLLRRRLRRRARSSRSSRRAAA,Rhoto
qvae_sample_2190,MASLRLRRLLRRRRRSSRSARSAAAS,Rhoto
qvae_sample_2192,MASLLLRRLLRRRARRSRSARSAAAS,Rhoto
qvae_sample_2193,MASLRLRRRLLRRRRSSRSARRAAAR,Rhoto
qvae_sample_2195,MASRRLRRRLRRRARRSRSSRSAARS,Rhoto
qvae_sample_2196,MASRLLRRRLRRRARRSRSARRAAA,Rhoto
qvae_sample_2201,MASRALRRLLRRRRRSSRSLSAAAAR,Rhoto
qvae_sample_2203,MASRALRRLLRRRARRSRSLRAAAAR,Rhoto
qvae_sample_2205,MASRALRRLLRRRARRSRSSRSAAAR,Rhoto
qvae_sample_2206,MASRRLRRLLRRRRRSSRSLRSAALR,Rhoto
qvae_sample_2207,MASRALRRLLRRRRRSRRSSRSAAAR,Rhoto
qvae_sample_2208,MASRALRRLLRRRARRRRSLRSAAAR,Rhoto
qvae_sample_2209,MASLALRRLLRRRRRRSRSLRSAAAS,Rhoto
qvae_sample_2212,MASRRLRRLLRRRRRSRRRSSSRA,Rhoto
qvae_sample_2213,MASRRLRRLLRRRRRSSRSLSRAAR,Rhoto
qvae_sample_2216,MASRRLRRRLRRRARSRRRRRRR,Rhoto
qvae_sample_2217,MASLRLRRLLRRRRRSSRSLRSAALR,Rhoto
qvae_sample_2218,MASRLLRRLLRRRRRSSRSLRSAAA,Rhoto
qvae_sample_2220,MASRRLRRRLRRRRRSRRRRRRAAA,Rhoto
qvae_sample_2225,MASRALRRLLRRRARSSRSASSAAASS,Rhoto
qvae_sample_2242,MASLLLRRLLRRRARSSRSSSSAAAR,Rhoto
qvae_sample_2243,MASLALRRRLRRRARSSRSSSSAASS,Rhoto
qvae_sample_2246,MASRLLRRRLRRRARRSRSARSAAAS,Rhoto
qvae_sample_2251,MASLRLRRRLRRRRRRSRSASRAA,Rhoto
qvae_sample_2257,MASLLLRRRLRRRRRSSRSRSRRAA,Rhoto
qvae_sample_2265,MASRALRRLLRRRRRSSRSRSRAAA,Rhoto
qvae_sample_2267,MASRLLRRRLRRRRRSSRSRSRRA,Rhoto
qvae_sample_2268,MASRLLRRRLRRRRRSRRRRSRRA,Rhoto
qvae_sample_2273,MASRRLRRRLRRRRRRSRSRRSAAA,Rhoto
qvae_sample_2275,MASRLLRRLLRRRARRSRSSRSAAAR,Rhoto
qvae_sample_2276,MASLRLRRRLRRRRRSSRSSSRAAR,Rhoto
qvae_sample_2277,MASRRLRRRLRRRRRSSRSSRRAAA,Rhoto
qvae_sample_2278,MASLLLRRRLRRRRRSSRSSRSRAA,Rhoto
qvae_sample_2279,MASLRLRRRLRRRRRSSRSSRRAAA,Rhoto
qvae_sample_2281,MASRLLRRRLRRRARRRRSSRSAAA,Rhoto
qvae_sample_2282,MASLRLRRRLRRRRRSSRSRRRRA,Rhoto
qvae_sample_2283,MASRRLRRRLRRRARRRRSSRRAA,Rhoto
qvae_sample_2284,MASLALRRLLRRRRRSSRSLSSAAASA,Rhoto
qvae_sample_2286,MASLRLRRLLRRRRRSSRSASSAAAS,Rhoto
qvae_sample_2288,MASLRLRRRLRRRRRSSRSRRRAAA,Rhoto
qvae_sample_2291,MASLRLRRLLRRRARRSRSSRSAAAS,Rhoto
qvae_sample_2294,MASRRLRRRLRRRARRRRRRSRAA,Rhoto
qvae_sample_2295,MASRLLRRRLRRRRRSRRSSSSRA,Rhoto
qvae_sample_2296,MASRRLRRRLRRRRRRRRSSSRAA,Rhoto
qvae_sample_2297,MASRLLRRRLRRRARRRRRSSSRA,Rhoto
qvae_sample_2301,MASLLLRRLLRRRRRRSRSLSSAAAR,Rhoto
qvae_sample_2302,MASRLLRRLLRRRARRSRSLSSAAAR,Rhoto
qvae_sample_2307,MASLRLRRRLRRRARRSRSSSSAARS,Rhoto
qvae_sample_2309,MASRRLRRRLRRRRRRSRSRRRAAR,Rhoto
qvae_sample_2310,MASRRLRRRLRRRARRRRSSRRAAR,Rhoto
qvae_sample_2311,MASRRLRRRLRRRARRSRSLRSAAAS,Rhoto
qvae_sample_2312,MASRRLRRRLRRRARRRRSSSSAA,Rhoto
qvae_sample_2313,MASRRLRRRLRRRARRRRRRSRA,Rhoto
qvae_sample_2314,MASRRLRRRLRRRARRRRRRSRRA,Rhoto
qvae_sample_2316,MASLALRRLLLRRRRRSRSASSAALSSS,Rhoto
qvae_sample_2326,MASRRLRRLLRRRRRRSRSASSSAR,Rhoto
qvae_sample_2332,MASLRLRRLLRRRRRRSRSARSAALS,Rhoto
qvae_sample_2333,MASLALRRLLLRRSRRSRSARRAALS,Rhoto
qvae_sample_2335,MASLRLRRLLRRRRRRSRSARRAAL,Rhoto
qvae_sample_2338,MASRRLRRLLRRRRRRSRSASRSAS,Rhoto
qvae_sample_2339,MASRALRRLLRRRRRRSRSASRAASS,Rhoto
qvae_sample_2343,MASRRLRRLLRRRRRRSRSASRSAR,Rhoto
qvae_sample_2354,MASRLLRRLLRRRARSSRSLRSAAASSR,Rhoto
qvae_sample_2365,MASRALRRLLRRRRRSSRSASRAAAS,Rhoto
qvae_sample_2366,MASLLLRRLLRRRARSSRSASRAAAS,Rhoto
qvae_sample_2376,MASLLLRRLLRRRRRSSRSLSRAARS,Rhoto
qvae_sample_2397,MASRALRRLLRRRARSSRSASSAAA,Rhoto
qvae_sample_2398,MASRLLRRLLRRRARSSRSASSAARS,Rhoto
qvae_sample_2408,MASLALRRLLRRRRRSSRSLSSAAASAS,Rhoto
qvae_sample_2410,MASLLLRRLLRRRARSSRSARSAAASAS,Rhoto
qvae_sample_2412,MASRLLRRLLRRRARSSRSARSAAASA,Rhoto
qvae_sample_2415,MASLRLRRRLRRRRRSSRSARRAASS,Rhoto
qvae_sample_2416,MASLLLRRLLRRRRRSSRSARRAALS,Rhoto
qvae_sample_2417,MASRRLRRLLRRRRRSSRSARRAASS,Rhoto
qvae_sample_2420,MASLALRRLLRRRRRSSRSLSSAALSAS,Rhoto
qvae_sample_2422,MASLLLRRLLRRRSRSSRSLRSAAASAR,Rhoto
qvae_sample_2423,MASLALRRLLRRRSRSSRSLRSAAASAR,Rhoto
qvae_sample_2424,MASLLLRRLLRRRRRSSRSARSAALSS,Rhoto
qvae_sample_2425,MASLLLRRLLRRRRRSSRSLRSAALSAS,Rhoto
qvae_sample_2426,MASLALRRLLRRRRRSSRSARSAASSS,Rhoto
qvae_sample_2428,MASRLLRRLLRRRARSSRSARRAARS,Rhoto
qvae_sample_2430,MASLALRRLLRRRRRSSRSLRSAALSA,Rhoto
qvae_sample_2434,MASRALRRLLRRRARSSRSLSSAAASA,Rhoto
qvae_sample_2436,MASLLLRRLLRRRARSSRSASSAARS,Rhoto
qvae_sample_2438,MASRLLRRLLRRRARSSRSLRSAARS,Rhoto
qvae_sample_2440,MASLLLRRLLRRRARSSRSARRAARS,Rhoto
qvae_sample_2447,MASRLLRRLLRRRARSSRSARRAASS,Rhoto
qvae_sample_2457,MASLLLRRLLRRRRRSSRSLRRAARS,Rhoto
qvae_sample_2463,MASRLLRRLLRRRRRSSRSLRSAASS,Rhoto
qvae_sample_2464,MASRALRRLLRRRRRSSRSLSSAARS,Rhoto
qvae_sample_2465,MASRALRRLLRRRARSSRSLSSAARS,Rhoto
qvae_sample_2468,MASRLLRRLLRRRARSSRSASRAAR,Rhoto
qvae_sample_2469,MASRLLRRLLRRRARSSRSLSRAARS,Rhoto
qvae_sample_2470,MASRRLRRRLRRRRRRSRSASRAAR,Rhoto
qvae_sample_2471,MASRLLRRRLRRRARSSRSASRAAR,Rhoto
qvae_sample_2473,MASRLLRRLLRRRARSSRSLSSAARS,Rhoto
qvae_sample_2480,MASLLLRRLLRRRARSSRSLSSAARS,Rhoto
qvae_sample_2481,MASLRLRRLLRRRARSSRSARRAAA,Rhoto
qvae_sample_2484,MASLLLRRLLRRRRRSSRSARSRAAR,Rhoto
qvae_sample_2485,MASLLLRRLLRRRARSSRSARRAAAS,Rhoto
qvae_sample_2486,MASRLLRRLLRRRRRSSRSARSAAA,Rhoto
qvae_sample_2487,MASRLLRRLLRRRARSSRSARRAAAR,Rhoto
qvae_sample_2488,MASLLLRRLLRRRARSSRSLRRRAA,Rhoto
qvae_sample_2491,MASRALRRLLRRRARSSRSLSSAAAR,Rhoto
qvae_sample_2492,MASRALRRLLRRRARSSRSLRSAAAR,Rhoto
qvae_sample_2493,MASRALRRLLRRRARSSRSARRRAA,Rhoto
qvae_sample_2494,MASRLLRRLLRRRARSSRSLRRAAA,Rhoto
qvae_sample_2496,MASRALRRLLRRRARSSRSLRRAAA,Rhoto
qvae_sample_2500,MASRLLRRLLRRRARSSRSRRSAAA,Rhoto
qvae_sample_2501,MASRLLRRLLRRRARSSRSRRRRAR,Rhoto
qvae_sample_2502,MASRRLRRLLRRRARSSRSRRRRAR,Rhoto
qvae_sample_2504,MASRALRRLLRRRARRSRSSRSAAAS,Rhoto
qvae_sample_2508,MASRLLRRLLRRRARSSRSARRAAA,Rhoto
qvae_sample_2509,MASLLLRRLLRRRARSSRSARRRAR,Rhoto
qvae_sample_2510,MASRLLRRLLRRRARRRRSARRRAA,Rhoto
qvae_sample_2511,MASLRLRRRLRRRRRSSRSARRAAR,Rhoto
qvae_sample_2514,MASLLLRRLLRRRRRSSRSARSAAAS,Rhoto
qvae_sample_2518,MASLLLRRLLRRRRRSSRSLRRAAAS,Rhoto
qvae_sample_2519,MASRALRRLLRRRARSSRSARRAARR,Rhoto
qvae_sample_2521,MAARRLRRRLRRRRRSSRSARRRA,Rhoto
qvae_sample_2522,MAARRLRRRLRRRARSSRSARRAAR,Rhoto
qvae_sample_2523,MASRRLRRRLRRRARSRRRARRRA,Rhoto
qvae_sample_2528,MASLALRRLLRRRRRSSRSARSRAA,Rhoto
qvae_sample_2529,MASLLLRRLLRRRARSSRSLRSAAAS,Rhoto
qvae_sample_2531,MASRLLRRLLRRRRRSSRSLRSAAAS,Rhoto
qvae_sample_2532,MASRLLRRLLRRRARRSRSLRSAAAS,Rhoto
qvae_sample_2534,MASRLLRRRLRRRARSSRSRRSAAR,Rhoto
qvae_sample_2535,MASRRLRRRLRRRARSRRSRRRAAR,Rhoto
qvae_sample_2536,MASLLLRRLLRRRRRSSRSLRSAARS,Rhoto
qvae_sample_2538,MASRLLRRLLRRRARRSRSLRSAAR,Rhoto
qvae_sample_2539,MASRRLRRRLRRRARSSRSRRRAA,Rhoto
qvae_sample_2541,MASRRLRRLLRRRARSSRSRRSAAR,Rhoto
qvae_sample_2543,MASLLLRRLLRRRRRSSRSASRAAAR,Rhoto
qvae_sample_2544,MASLLLRRLLLRRARSSRSASRAAARS,Rhoto
qvae_sample_2545,MASLLLRRLLLRRARSSRSASRAAAR,Rhoto
qvae_sample_2566,MASLLLRRRLRRRRRSSRSASRAAR,Rhoto
qvae_sample_2575,MASLLLRRLLRRRARRSRSASRAAA,Rhoto
qvae_sample_2579,MASLALRRLLRRRSRRSRSASRAAARAS,Rhoto
qvae_sample_2586,MASLALRRLLRRRRRSSRSASSAALSA,Rhoto
qvae_sample_2587,MASLALRRLLLRRSRSSRSARSAAASAS,Rhoto
qvae_sample_2591,MASLLLRRLLRRRARRSRSARRAAA,Rhoto
qvae_sample_2593,MASLALRRLLRRRSRRSRSARRAAAS,Rhoto
qvae_sample_2596,MASLLLRRLLRRRRRRSRSASRSARR,Rhoto
qvae_sample_2598,MASLLLRRRLRRRARSSRSASRAAR,Rhoto
qvae_sample_2600,MASLLLRRRLRRRRRRSRSASRSAR,Rhoto
qvae_sample_2607,MASLLLRRLLRRRRRRSRSASRSARS,Rhoto
qvae_sample_2608,MASLLLRRLLRRRRRRSRSASRAALS,Rhoto
qvae_sample_2609,MASLLLRRRLRRRARRSRSASRAAR,Rhoto
qvae_sample_2611,MASLLLRRLLRRRARRSRSASRAARS,Rhoto
qvae_sample_2620,MASRLLRRLLRRRARSSRSASSAAAR,Rhoto
qvae_sample_2649,MASLLLRRRLRRRARSSRSASRAAAR,Rhoto
qvae_sample_2650,MASRLLRRRLRRRARSSRSASRAAAR,Rhoto
qvae_sample_2657,MASLLLRRLLRRRARSSRSASRAAASSS,Rhoto
qvae_sample_2662,MASLLLRRLLRRRRRSSRSASSAARR,Rhoto
qvae_sample_2671,MASRLLRRLLRRRARSSRSASRAAA,Rhoto
qvae_sample_2708,MASRLLRRRLRRRARSSRSASRAARS,Rhoto
qvae_sample_2732,MASRLLRRRLRRRARSSRSARRAAAS,Rhoto
qvae_sample_2734,MASLLLRRRLRRRRRSSRSARRAAA,Rhoto
qvae_sample_2735,MASLLLRRRLRRRRRSSRSARRAAAR,Rhoto
qvae_sample_2736,MASLLLRRRLRRRARSSRSARRAAA,Rhoto
qvae_sample_2740,MASLLLRRRLRRRRRSSRSARRAAR,Rhoto
qvae_sample_2742,MASRLLRRRLRRRARRSRSARRAASS,Rhoto
qvae_sample_2756,MASLLLRRLLLRRRRSSRSARSAASS,Rhoto
qvae_sample_2759,MASRLLRRLLRRRARRSRSASRAARS,Rhoto
qvae_sample_2763,MASRLLRRRLRRRARRSRSARRAAR,Rhoto
qvae_sample_2779,MASRLLRRLLRRRRRSSRSARRAARR,Rhoto
qvae_sample_2781,MASRLLRRLLRRRARRSRSARRAASS,Rhoto
qvae_sample_2782,MASLLLRRRLRRRRRSSRSARRRAR,Rhoto
qvae_sample_2783,MASLLLRRRLRRRARSSRSARRAAR,Rhoto
qvae_sample_2784,MASRLLRRRLRRRARSSRSARRAAR,Rhoto
qvae_sample_2787,MASRLLRRLLRRRARRSRSARSAASS,Rhoto
qvae_sample_2790,MASRLLRRRLRRRRRSSRSARRAAR,Rhoto
qvae_sample_2801,MASLLLRRLLRRRARSSRSASSAAAS,Rhoto
qvae_sample_2804,MASLLLRRRLRRRRRSSRSARRAARS,Rhoto
qvae_sample_2812,MASLLLRRRLRRRRRSSRSRRRAARS,Rhoto
qvae_sample_2815,MASLLLRRRLRRRARRSRSASRAARS,Rhoto
qvae_sample_2818,MASRLLRRLLRRRARRSRSASRAAR,Rhoto
qvae_sample_2819,MLSRLLRRLLRRRARRSRSASRAARS,Rhoto
qvae_sample_2825,MLSRLLRRRLRRRARRSRSARRAAR,Rhoto
qvae_sample_2826,MASRLLRRRLRRRARRSRSARRAA,Rhoto
qvae_sample_2830,MASRLLRRRLRRRARRSRSLSSAARS,Rhoto
qvae_sample_2834,MASRLLRRRLRRRARRSRSASRAARS,Rhoto
qvae_sample_2837,MASRLLRRLLRRRARRSRSASSAARS,Rhoto
qvae_sample_2839,MASRLLRRRLRRRARSSRSRSRAARS,Rhoto
qvae_sample_2842,MASLLLRRLLRRRARRSRSASRAAAR,Rhoto
qvae_sample_2843,MASRALRRLLRRRARRSRSASRAAAR,Rhoto
qvae_sample_2844,MASLLLRRLLRRRRRSSRSARRRAA,Rhoto
qvae_sample_2845,MASRLLRRLLRRRRRRSRSARRSAR,Rhoto
qvae_sample_2850,MASLLLRRLLRRRARRSRSARRRAR,Rhoto
qvae_sample_2852,MLARLLRRRLRRRRRRSRSRRRRA,Rhoto
qvae_sample_2854,MASLALRRLLRRRARRSRSASRSAAR,Rhoto
qvae_sample_2857,MASRLLRRLLRRRARRSRSRSRSA,Rhoto
qvae_sample_2859,MASLLLRRRLRRRRRRSRSARRRA,Rhoto
qvae_sample_2860,MASLRLRRLLRRRARRSRSARRSAA,Rhoto
qvae_sample_2861,MASLRLLRLLRRRARRSRSARRAAA,Rhoto
qvae_sample_2863,MASLRLRRRLRRRRRRSRSARRSAR,Rhoto
qvae_sample_2875,MASLRLRRRLRRRRRRSRSASRSAR,Rhoto
qvae_sample_2877,MAARRLRRRLRRRARRSRSRRRSA,Rhoto
qvae_sample_2882,MASLLLRRLLRRRRRSSRSASRRAA,Rhoto
qvae_sample_2884,MASRLLRRRLRRRRRSSRSASRRAA,Rhoto
qvae_sample_2888,MASLLLRRLLRRRRRSSRSRRRRA,Rhoto
qvae_sample_2889,MASLLLRRLLRRRRRSSRSRRRRAA,Rhoto
qvae_sample_2893,MASRLLRRRLRRRRRSSRSRRRRAR,Rhoto
qvae_sample_2900,MASLLLRRLLRRRRRSSRSLRSAAARS,Rhoto
qvae_sample_2904,MASLLLRRLLLRRRRSSRSASRAAAS,Rhoto
qvae_sample_2908,MASRLLRRLLRRRRRRSRSLSRAAAS,Rhoto
qvae_sample_2915,MASRALRRLLRRRARRSRSASSAAAR,Rhoto
qvae_sample_2916,MASRLLRRRLRRRRRRSRSRRRRA,Rhoto
qvae_sample_2917,MASRLLRRRLRRRARSSRSRRRRAR,Rhoto
qvae_sample_2919,MASRALRRLLRRRRRRSRSRRRAAA,Rhoto
qvae_sample_2921,MASRLLRRRLRRRRRRSRRRRRRA,Rhoto
qvae_sample_2922,MLARLLRRRLRRRRRSSRSRRRRA,Rhoto
qvae_sample_2929,MASLLLRRLLRRRARSSRSRSRAAAS,Rhoto
qvae_sample_2933,MASLLLRRLLLRRRRSSRSASAAAAR,Rhoto
qvae_sample_2934,MASRLLRRRLRRRRRRSRSRSRRAA,Rhoto
qvae_sample_2935,MASRLLRRLLRRRRRSSRSRSSRAAR,Rhoto
qvae_sample_2941,MASRLLLRRLRRRRRRSRSRSRRAR,Rhoto
qvae_sample_2943,MASRLLLRRLRRRRRSSRSRRRRA,Rhoto
qvae_sample_2945,MASRLLLRRLRRRRRSSRSRRRRAR,Rhoto
qvae_sample_2956,MLSRLLRRLLRRRRRRSRSRSSAAR,Rhoto
qvae_sample_2957,MASRLLRRLLRRRARRSRSRSRAAA,Rhoto
qvae_sample_2958,MASRLLRRRLRRRARSSRSRRRRA,Rhoto
qvae_sample_2960,MASRLLRRRLRRRRRRSRSRRRR,Rhoto
qvae_sample_2964,MASRLLRRRLRRRRRSSRSRSRRAA,Rhoto
qvae_sample_2965,MASLLLRRLLRRRRRRSRSSRSAARR,Rhoto
qvae_sample_2971,MASRLLRRRLRRRRRRSRSSRRRA,Rhoto
qvae_sample_2975,MASLLLRRRLRRRRRSSRSRRRRA,Rhoto
qvae_sample_2981,MASLLLRRRLRRRRRRSRSRRRRA,Rhoto
qvae_sample_2985,MASLLLRRLLRRRRRSSRSARSAARR,Rhoto
qvae_sample_2986,MASLLLRRLLLRRRRSSRSARRAAAS,Rhoto
qvae_sample_2998,MASLLLRRLLRRRARRSRSARRAAAS,Rhoto
qvae_sample_3004,MASRLLRRLLRRRARRSRSARRAAR,Rhoto
qvae_sample_3013,MASRLLRRLLRRRARRSRSARSAAAR,Rhoto
qvae_sample_3015,MASRLLRRRLRRRARRSRSRRRAAA,Rhoto
qvae_sample_3022,MASLLLRRRLRRRRRRSRSASRAAA,Rhoto
qvae_sample_3029,MASRLLRRRLRRRRRRSRSRRSAARS,Rhoto
qvae_sample_3030,MASRLLRRRLRRRARRSRSRRSAARS,Rhoto
qvae_sample_3036,MASRLLRRRLRRRARRSRSRRRAAR,Rhoto
qvae_sample_3037,MASLLLRRRLRRRRRRSRSRRRR,Rhoto
qvae_sample_3043,MASLLLRRRLRRRRRSSRSRRSAAR,Rhoto
qvae_sample_3047,MASLLLRRRLRRRRRSSRSRRRAAR,Rhoto
qvae_sample_3050,MASLLLRRLLRRRRRSSRSRSRSAAS,Rhoto
qvae_sample_3052,MASLLLRRRLRRRRRSSRSRRRRAA,Rhoto
qvae_sample_3063,MASRLLRRRLRRRARRSRSRSRSAR,Rhoto
qvae_sample_3064,MASRLLRRRLRRRRRRSRSRSRRA,Rhoto
qvae_sample_3067,MASRALRRLLRRRRRSSRSASSAAL,Rhoto
qvae_sample_3076,MASRALRRRLRRRRRRSRSASRSA,Rhoto
qvae_sample_3078,MASRLLRRRLRRRRRRSRSASRR,Rhoto
qvae_sample_3080,MASLALRRLLRRRRRSSRSASSAALR,Rhoto
qvae_sample_3083,MASLRLRRRLRRRRRRSRSASRRA,Rhoto
qvae_sample_3086,MASRALRRLLRRRRRSSRSASRAAL,Rhoto
qvae_sample_3090,MASRALRRRLRRRRRRSRSASRAAL,Rhoto
qvae_sample_3091,MASRALRRRLRRRRRRSRSASSAA,Rhoto
qvae_sample_3093,MASRRLRRRLRRRRRRRRSASRR,Rhoto
qvae_sample_3099,MASLRLRRRLRRRRRRSRSASSAAL,Rhoto
qvae_sample_3104,MASRRLRRLLRRRRRRSRSASRSR,Rhoto
qvae_sample_3105,MASRRLRRRLRRRRRRSRSASRS,Rhoto
qvae_sample_3108,MASRALRRLLRRRRRRSRSASSAARS,Rhoto
qvae_sample_3109,MASRALRRLLRRRRRRSRSASRSAR,Rhoto
qvae_sample_3112,MASRRLRRRLRRRRRRSRSASSSA,Rhoto
qvae_sample_3171,MASRALRRLLRRRARRSRSSRSAASSSS,Rhoto
qvae_sample_3173,MASLLLRRLLRRRRRSSRSASRAALS,Rhoto
qvae_sample_3175,MASRLLRRLLRRRARSSRSARSAAAS,Rhoto
qvae_sample_3176,MASRALRRLLRRRRRSSRSARSAAAS,Rhoto
qvae_sample_3181,MASRLLRRLLRRRRRSRRSARRAAR,Rhoto
qvae_sample_3182,MASLALRRLLRRRRRSSRSARSAASS,Rhoto
qvae_sample_3198,MASLRLRRLLRRRRRSSRSASSAAASA,Rhoto
qvae_sample_3200,MASLALRRLLRRRRRSSRSLSSAALSAA,Rhoto
qvae_sample_3204,MASRALRRLLRRRARRSRSLSSAAAS,Rhoto
qvae_sample_3206,MASRLLRRRLRRRRRSSRSLSRAAL,Rhoto
qvae_sample_3208,MASRLLRRRLRRRARSSRSLSSAAA,Rhoto
qvae_sample_3210,MASRALRRLLRRRRRSSRSASRAALS,Rhoto
qvae_sample_3211,MASRLLRRLLRRRARSRRSSSSAAA,Rhoto
qvae_sample_3217,MASRALRRLLRRRRRRSRSSSSAAS,Rhoto
qvae_sample_3218,MASRRLRRRLRRRRRSSRSASRAA,Rhoto
qvae_sample_3220,MASRRLRRRLRRRRRSRRSASSAA,Rhoto
qvae_sample_3221,MASRRLRRRLRRRRRRRRSASRRA,Rhoto
qvae_sample_3222,MASLALRRLLRRRRRSSRSASSAALSS,Rhoto
qvae_sample_3227,MASRALRRLLRRRRRSSRSLSSAALS,Rhoto
qvae_sample_3239,MASRRLRRLLRRRRRSSRSASRAAA,Rhoto
qvae_sample_3240,MASRALRRRLRRRRRSSRSLSRAAAS,Rhoto
qvae_sample_3241,MASRRLRRLLRRRARSSRSASSAAAR,Rhoto
qvae_sample_3245,MASRALRRLLRRRRRSSRSASSALLSS,Rhoto
qvae_sample_3246,MASRLLRRLLRRRRRSSRSASSALA,Rhoto
qvae_sample_3251,MASRLLRRLLRRRARRSRSLSSAASS,Rhoto
qvae_sample_3253,MASRLLRRRLRRRRRSSRSLSSAARS,Rhoto
qvae_sample_3255,MASRLLRRRLRRRARSSRSLSRAASS,Rhoto
qvae_sample_3256,MASRLLRRLLRRRRRSSRSASSALRS,Rhoto
qvae_sample_3258,MASRLLRRLLRRRARSSRSARSAASS,Rhoto
qvae_sample_3259,MASRLLRRRLRRRRRSRRSASRRAR,Rhoto
qvae_sample_3260,MASRLLRRRLRRRRRSSRSLSRAAR,Rhoto
qvae_sample_3261,MASRLLRRLLRRRRRSRRSASRRA,Rhoto
qvae_sample_3271,MASRALRRLLRRRRRSSRSLSSAASS,Rhoto
qvae_sample_3278,MASRALRRLLRRRRRSSRSASSAARS,Rhoto
qvae_sample_3281,MASRLLRRLLRRRARRSRSLSSAARS,Rhoto
qvae_sample_3284,MASRLLRRRLRRRRRSRRSASSAA,Rhoto
qvae_sample_3285,MASRLLRRRLRRRARSSRSLSRAAR,Rhoto
qvae_sample_3287,MASRLLRRLLRRRRRSSRSARRAAR,Rhoto
qvae_sample_3288,MASRLLRRLLRRRARSRRSARSAAR,Rhoto
qvae_sample_3289,MASRLLRRRLRRRRRSRRSASRR,Rhoto
qvae_sample_3290,MASRLLRRRLRRRRRSSRSRSRAA,Rhoto
qvae_sample_3291,MASRLLRRRLRRRRRSRRSRSRR,Rhoto
qvae_sample_3293,MASRLLRRRLRRRRRRSRSLSSAARS,Rhoto
qvae_sample_3295,MASRRLRRRLRRRRRRRRSRSSRA,Rhoto
qvae_sample_3296,MASRLLRRRLRRRRRRSRSLSRAA,Rhoto
qvae_sample_3312,MASRRLRRRLRRRRRRSRSRSSSR,Rhoto
qvae_sample_3318,MASRALRRLLRRRARRSRRASRRA,Rhoto
qvae_sample_3325,MASRRLRRRLRRRRRRSRSASSRA,Rhoto
qvae_sample_3326,MAARRLRRRLRRRRRSSRSRSRSA,Rhoto
qvae_sample_3327,MASRRLRRLLRRRRRRRRSASRRA,Rhoto
qvae_sample_3337,MASRRLRRRLRRRRRRSRRARSR,Rhoto
qvae_sample_3338,MASRRLRRRLRRRRRRSRRRRRRA,Rhoto
qvae_sample_3350,MASRRLRRLLRRRRRRSRRRSRRA,Rhoto
qvae_sample_3353,MASLALRRLLRRRRRSSRSLRSAAASS,Rhoto
qvae_sample_3355,MASRALRRLLRRRRRRSRSLRSAAAS,Rhoto
qvae_sample_3357,MASLLLRRLLRRRRRSSRSLSRAAA,Rhoto
qvae_sample_3360,MASRALRRLLRRRRRSSRSRRSAAAR,Rhoto
qvae_sample_3364,MASRLLRRLLRRRRRSSRSRRRRR,Rhoto
qvae_sample_3366,MASRRLRRLLRRRRRSSRSRRRRA,Rhoto
qvae_sample_3367,MASRLLRRLLRRRRRRSRSLRRRAA,Rhoto
qvae_sample_3373,MASRLLRRLLRRRRRSSRSLSRAAA,Rhoto
qvae_sample_3374,MASRALRRRLRRRRRSSRRASRRAA,Rhoto
qvae_sample_3375,MASRALRRRLRRRARSSRRLSRAAA,Rhoto
qvae_sample_3377,MAARALRRLLRRRRRSSRSLRRAAA,Rhoto
qvae_sample_3378,MASRALRRLLRRRRRSSRRASSRAA,Rhoto
qvae_sample_3382,MASRRLRRLLRRRRRSRRRRSRRA,Rhoto
qvae_sample_3395,MASRLLRRLLRRRRRRSRSLRAAAAS,Rhoto
qvae_sample_3396,MASRRLRRLLRRRRRSSRSRRARAA,Rhoto
qvae_sample_3399,MASRLLRRLLRRRRRRSRSLRAAAA,Rhoto
qvae_sample_3407,MASRALRRLLRRRRRRSRSSRSAAAR,Rhoto
qvae_sample_3409,MASRRLRRLLRRRRRSSRSARSRA,Rhoto
qvae_sample_3410,MASRRLRRLLRRRRRSSRSLRRAAA,Rhoto
qvae_sample_3412,MASRRLRRLLRRRRRSRRSLRRAAA,Rhoto
qvae_sample_3413,MASRRLRRLLRRRRRRSRSSRSRRA,Rhoto
qvae_sample_3417,MASRRLRRRLRRRRRSRRSRRRRR,Rhoto
qvae_sample_3421,MASLALRRLLRRRRRSSRSARSAAASS,Rhoto
qvae_sample_3422,MASLALRRLLRRRRRSSRSLRSAAASSS,Rhoto
qvae_sample_3427,MASRLLLRLLRRRRRSSRSARSAAAS,Rhoto
qvae_sample_3428,MASRLLLRLLRRRRRSSRSLRSAAAS,Rhoto
qvae_sample_3430,MASLLLRRLLRRRRRRSRSLRSAAAS,Rhoto
qvae_sample_3433,MASLRLRRLLRRRRRSSRSRRSRRA,Rhoto
qvae_sample_3440,MASRRLRRRLRRRRRSRRRRSRRR,Rhoto
qvae_sample_3442,MASRRLRRRLRRRRRSRRRRRRRR,Rhoto
qvae_sample_3452,MASRRLRRRLRRRRRRRRSRRSRA,Rhoto
qvae_sample_3455,MASRALRRLLRRRRRRRRSRRSAAS,Rhoto
qvae_sample_3470,MASRRLRRLLRRRRRSSRSRRSRAR,Rhoto
qvae_sample_3471,MAARLLRRLLRRRRRSSRSLRSAAA,Rhoto
qvae_sample_3472,MASRALRRLLRRRRRRRRSRRSRAA,Rhoto
qvae_sample_3474,MASRALRRLLRRRRRSSRSARSAAL,Rhoto
qvae_sample_3475,MAARLLRRLLRRRRRRSRSLRSAALS,Rhoto
qvae_sample_3486,MASRRLRRRLRRRRRSSRRRSSRA,Rhoto
qvae_sample_3487,MASRRLRRRLRRRRRSSRRRSRAA,Rhoto
qvae_sample_3488,MASRRLRRRLRRRRRSSRRRSSAA,Rhoto
qvae_sample_3489,MASRRLRRRLRRRRRSSRRLRRAAA,Rhoto
qvae_sample_3490,MASRALRRLLRRRRRSSRRSRSRA,Rhoto
qvae_sample_3494,MASRRLRRRLRRRRRSSRRRSRRA,Rhoto
qvae_sample_3498,MASRRLRRLLRRRARRSRSLRSAASS,Rhoto
qvae_sample_3499,MASRRLRRLLRRRRRRRRSRSSAR,Rhoto
qvae_sample_3504,MASRRLRRRLRRRRRSRRRRSRRA,Rhoto
qvae_sample_3518,MASLLLRRLLLRRARSSRSASRAALS,Rhoto
qvae_sample_3522,MASLLLRRLLLRRRRSSRSASRAALR,Rhoto
qvae_sample_3527,MASLALRRLLRRRARRSRSASRAAA,Rhoto
qvae_sample_3529,MASRLLRRRLRRRRRRSRSASRAA,Rhoto
qvae_sample_3532,MASLALRRLLRRRRRSSRSASAAALS,Rhoto
qvae_sample_3536,MASRLLRRLLRRRARRSRSASRAA,Rhoto
qvae_sample_3544,MASLLLRRRLRRRARSSRSASRAAA,Rhoto
qvae_sample_3546,MASLLLRRRLRRRRRRSRSASRSA,Rhoto
qvae_sample_3547,MASLLLRRRLLRRRRRSRSASRSAS,Rhoto
qvae_sample_3548,MASLALRRLLRRRRRSSRSASSAALS,Rhoto
qvae_sample_3549,MASLALRRLLLRRRRSSRSASRAALSS,Rhoto
qvae_sample_3553,MASLLLRRRLRRRARRSRSASRAA,Rhoto
qvae_sample_3557,MASRALRRLLRRRRRRSRSASRAALR,Rhoto
qvae_sample_3563,MASRLLRRRLRRRRRRSRSASRSAR,Rhoto
qvae_sample_3564,MASLLLRRRLRRRRRSSRSASRSAR,Rhoto
qvae_sample_3565,MASRLLRRRLRRRRRRSRSASRSA,Rhoto
qvae_sample_3570,MASRLLRRRLRRRRRRSRSASRSR,Rhoto
qvae_sample_3572,MASRLLRRRLRRRRRRSRSASRS,Rhoto
qvae_sample_3619,MASRLLRRRLRRRRRSSRSASRAAAR,Rhoto
qvae_sample_3620,MASRLLRRRLRRRARRSRSASSAAA,Rhoto
qvae_sample_3621,MASRLLRRRLRRRARSSRSASSAAA,Rhoto
qvae_sample_3643,MASRLLRRRLRRRRRSSRSASRRAR,Rhoto
qvae_sample_3648,MASRLLRRRLRRRRRSSRSASSRAR,Rhoto
qvae_sample_3665,MASRLLRRRLRRRRRRSRSASRRA,Rhoto
qvae_sample_3668,MASRLLRRRLRRRARRSRSASSAAR,Rhoto
qvae_sample_3671,MASRLLRRRLRRRRRSSRSASRRA,Rhoto
qvae_sample_3683,MASLLLRRLLRRRRRSSRSSRSAAAR,Rhoto
qvae_sample_3687,MASLLLRRRLRRRRRSSRSSSRRR,Rhoto
qvae_sample_3690,MASRLLRRRLRRRARSSRSARRAAA,Rhoto
qvae_sample_3691,MASLLLRRRLRRRRRSSRSARSAASR,Rhoto
qvae_sample_3697,MASRLLRRRLRRRRRRSRSARRAASR,Rhoto
qvae_sample_3720,MASRLLRRRLRRRARRSRSSSRAAAS,Rhoto
qvae_sample_3734,MASRLLRRLLRRRARRSRSSSRAAA,Rhoto
qvae_sample_3746,MASRLLRRRLRRRARRSRSASSAAAS,Rhoto
qvae_sample_3754,MASRLLRRRLRRRARSSRSASRAAA,Rhoto
qvae_sample_3760,MASRLLRRRLRRRARSSRSSSRAARS,Rhoto
qvae_sample_3765,MASRLLRRLLRRRARSSRSSRSRAS,Rhoto
qvae_sample_3767,MASRLLRRRLRRRRRSRRSSSRR,Rhoto
qvae_sample_3768,MASLLLRRRLRRRRRSSRSRSRAA,Rhoto
qvae_sample_3770,MASRLLRRRLRRRARSRRSASRRA,Rhoto
qvae_sample_3773,MASRLLRRRLRRRARRSRSASSAASS,Rhoto
qvae_sample_3776,MASRLLRRRLRRRRRRSRSRSRAAS,Rhoto
qvae_sample_3781,MASRLLRRLLRRRARRSRSLSSAASSS,Rhoto
qvae_sample_3788,MASRLLRRRLRRRRRSSRSRSRAAR,Rhoto
qvae_sample_3789,MASLLLRRRLRRRRRSSRSRSRAARS,Rhoto
qvae_sample_3797,MASRLLRRRLRRRARSSRSSSRAAAS,Rhoto
qvae_sample_3801,MASRLLRRRLRRRARRSRSASSAARS,Rhoto
qvae_sample_3802,MASRLLRRLLRRRARRSRSSSSAAR,Rhoto
qvae_sample_3804,MASRLLRRRLRRRRRRRRSSSRRA,Rhoto
qvae_sample_3805,MASRLLRRRLRRRARSSRSASRAA,Rhoto
qvae_sample_3806,MASRLLRRRLRRRARRRRSSSRRA,Rhoto
qvae_sample_3814,MASRLLRRRLRRRRRRSRSASSAAR,Rhoto
qvae_sample_3815,MASRLLRRRLRRRRRRSRSRSRAA,Rhoto
qvae_sample_3830,MASLALRRLLRRRRRSSRSASRRAA,Rhoto
qvae_sample_3831,MAALRLRRLLRRRRRSSRSASRRR,Rhoto
qvae_sample_3833,MASRALRRLLRRRRRRSRSASSRAL,Rhoto
qvae_sample_3836,MAALRLRRLLRRRARRSRSRSRRA,Rhoto
qvae_sample_3837,MASRALRRRLRRRARRSRSRSRAA,Rhoto
qvae_sample_3843,MASLRLRRLLRRRRRRSRSASRAAA,Rhoto
qvae_sample_3849,MASLRLRRRLRRRRRRSRSASRRR,Rhoto
qvae_sample_3850,MASLRLRRRLRRRRRRSRSASRSA,Rhoto
qvae_sample_3851,MASRRLRRRLRRRRRRSRSASRAA,Rhoto
qvae_sample_3861,MASRALRRLLRRRARRRRSASRAAL,Rhoto
qvae_sample_3862,MAARRLRRRLRRRRRRSRSRSRR,Rhoto
qvae_sample_3885,MASLLLRRLLRRRRRSSRSRSRRA,Rhoto
qvae_sample_3887,MASRLLRRRLRRRRRRSRSSSRRA,Rhoto
qvae_sample_3888,MASRLLRRRLRRRRRRSRSRSRAAA,Rhoto
qvae_sample_3891,MASRALRRLLRRRRRRSRSSSSRAA,Rhoto
qvae_sample_3893,MASLLLRRLLRRRRRSSRSRSRRR,Rhoto
qvae_sample_3904,MASLLLRRLLRRRRRSSRSRRSAAAS,Rhoto
qvae_sample_3916,MASLLLRRLLRRRRRSSRSLSRRAA,Rhoto
qvae_sample_3917,MASRALRRLLRRRRRRSRSASSRAA,Rhoto
qvae_sample_3946,MASRRLRRRLRRRRRRSRSRSRAAA,Rhoto
qvae_sample_3950,MASRLLRRRLRRRRRRSRSLSRAAA,Rhoto
qvae_sample_3966,MASRLLRRRLRRRRRRSRSRSSRA,Rhoto
qvae_sample_3968,MASRRLRRRLRRRRRRSRSRSSAAA,Rhoto
qvae_sample_3980,MASLLLRRRLRRRRRRSRSSSRRR,Rhoto
qvae_sample_3982,MASRLLRRRLRRRRRRRRSSSRRR,Rhoto
qvae_sample_3983,MASRLLRRRLRRRRRRRRSSRRAA,Rhoto
qvae_sample_3984,MASRLLRRRLRRRRRRSRSSRRRR,Rhoto
qvae_sample_3996,MASRLLRRRLRRRRRRSRSRRRAA,Rhoto
qvae_sample_4017,MASRALRRLLRRRRRRSRSSRRAAAR,Rhoto
qvae_sample_4018,MASLLLRRRLRRRRRRSRSRSRRA,Rhoto
qvae_sample_4032,MASRLLRRRLRRRRRRRRSSSSRA,Rhoto
qvae_sample_4038,MASRLLRRRLRRRRRRRRRSSRR,Rhoto
qvae_sample_4058,MASRLLRRRLRRRRRRRRSRSSRA,Rhoto
qvae_sample_4059,MASRLLRRRLRRRRRRRRSRSSAA,Rhoto
qvae_sample_4077,MASLRLRRRLRRRRRSSRRRSRAAA,Rhoto
qvae_sample_4078,MASRRLRRRLRRRRRRSRRLSRAAA,Rhoto
qvae_sample_4094,MASRLLRRRLRRRRRRSRSRSSAARS,Rhoto
qvae_sample_4097,MASRLLRRRLRRRRRRRRSRSRR,Rhoto
qvae_sample_4099,MASRLLRRRLRRRRRRRRSSSRR,Rhoto
qvae_sample_4100,MASRLLRRRLRRRRRRRRSRSRRA,Rhoto
qvae_sample_4102,MASRLLRRRLRRRRRRSRSRRRRR,Rhoto
qvae_sample_4109,MASLLLRRRLRRRRRSSRSRSSAAR,Rhoto
qvae_sample_4114,MASRLLRRRLRRRRRRRRSRSSRR,Rhoto
qvae_sample_4116,MASRLLRRRLRRRRRRRRRSSSRR,Rhoto
qvae_sample_4129,MASRLLRRRLRRRRRRRRSLSSAAS,Rhoto
qvae_sample_4132,MASRALRRLLRRRRRRSRSASSSAR,Rhoto
qvae_sample_4136,MASRRLLRRLRRRRRRSRRRSRR,Rhoto
qvae_sample_4137,MASRRLRRLLRRRRRRSRSASRSA,Rhoto
qvae_sample_4138,MASRRLRRLLRRRRRRSRRASRS,Rhoto
qvae_sample_4139,MASRALRRLLRRRRRRSRSASRAA,Rhoto
qvae_sample_4142,MASRRLRRRLRRRRRRSRRRSRS,Rhoto
qvae_sample_4143,MASRRLLRRLRRRARRSRRRSRSA,Rhoto
qvae_sample_4144,MASRALRRLLRRRRRSSRSLSSAARR,Rhoto
qvae_sample_4146,MASRALRRLLRRRRRRSRSRRSAARR,Rhoto
qvae_sample_4150,MASRALRRLLRRRRRSSRSASRRA,Rhoto
qvae_sample_4153,MASRALRRLLRRRRRSSRSLSSAAA,Rhoto
qvae_sample_4155,MASRALRRLLRRRARRSRSLRSAARR,Rhoto
qvae_sample_4157,MASRLLRRLLRRRARRSRSLSRAARS,Rhoto
qvae_sample_4158,MASRALRRLLRRRRRRSRSRRSAAR,Rhoto
qvae_sample_4160,MASRLLRRLLRRRARRSRSRSRAAR,Rhoto
qvae_sample_4163,MASLALRRLLRRRRRRSRSLRSAARS,Rhoto
qvae_sample_4164,MASLLLRRLLRRRRRSSRSRSSAAR,Rhoto
qvae_sample_4165,MASRLLRRLLRRRARRSRRRSRAA,Rhoto
qvae_sample_4170,MASLLLRRLLRRRARRSRSASRAAR,Rhoto
qvae_sample_4177,MASRLLRRRLRRRRRRSRRRSRR,Rhoto
qvae_sample_4180,MASLLLRRLLRRRARRSRSASRSA,Rhoto
qvae_sample_4182,MASRLLRRRLRRRRRRSRSARRAA,Rhoto
qvae_sample_4189,MASRLLRRLLRRRARSSRSRSRAA,Rhoto
qvae_sample_4192,MASRLLRRRLRRRARSSRSRRRAA,Rhoto
qvae_sample_4201,MASRLLRRLLRRRRRRSRSRSSAARSS,Rhoto
qvae_sample_4206,MASRALRRLLRRRARRSRSASRAAR,Rhoto
qvae_sample_4208,MASRLLRRRLRRRARRSRSRSRAA,Rhoto
qvae_sample_4211,MASRLLRRLLRRRARRSRSSRSAAR,Rhoto
qvae_sample_4212,MASRLLRRLLRRRARRSRSARRAARS,Rhoto
qvae_sample_4214,MASRLLRRRLRRRARRSRSRSRAAR,Rhoto
qvae_sample_4217,MASRLLRRRLRRRARRSRSRRRA,Rhoto
qvae_sample_4219,MASRLLRRLLRRRARRSRSRRRAAR,Rhoto
qvae_sample_4222,MASLLLRRLLRRRRRRSRSLSSAARR,Rhoto
qvae_sample_4223,MASLLLRRLLRRRARRSRSLSSAARSS,Rhoto
qvae_sample_4224,MASLLLRRLLRRRRRRSRSRSRAAR,Rhoto
qvae_sample_4225,MASLLLRRLLRRRARRSRSRSRAARS,Rhoto
qvae_sample_4226,MASLLLRRLLRRRRRRSRSRSSAARS,Rhoto
qvae_sample_4228,MASLLLRRLLRRRRRRSRSRSRAARS,Rhoto
qvae_sample_4229,MASRLLRRRLRRRARRSRSRSRAAAS,Rhoto
qvae_sample_4230,MASRLLRRLLRRRARRRRSSRRAA,Rhoto
qvae_sample_4231,MASRLLRRLLRRRARRSRSRRRAA,Rhoto
qvae_sample_4233,MASRLLRRRLRRRARRSRRRSRA,Rhoto
qvae_sample_4237,MASRLLRRLLRRRARRSRSRRSAAR,Rhoto
qvae_sample_4239,MASRLLLRRLRRRARRSRSRRRRA,Rhoto
qvae_sample_4241,MLSRLLRRLLRRRARRSRSRRRRA,Rhoto
qvae_sample_4250,MASRALRRRLRRRRRRSRRASSR,Rhoto
qvae_sample_4255,MASRALRRLLRRRRRRSRSASRRA,Rhoto
qvae_sample_4264,MASRALRRRLRRRRRRSRRRSRSA,Rhoto
qvae_sample_4266,MASRALRRRLRRRRRRSRSASRAA,Rhoto
qvae_sample_4267,MASRRLRRLLRRRRRRSRRRSRS,Rhoto
qvae_sample_4273,MASRLLRRRLRRRRRRSRSRSSAA,Rhoto
qvae_sample_4281,MASRALRRLLRRRRRRSRSRSRAA,Rhoto
qvae_sample_4285,MASRALRRRLRRRRRRSRSRSSAA,Rhoto
qvae_sample_4287,MASRALRRRLRRRRRRSRRRSSS,Rhoto
qvae_sample_4291,MASRALRRRLRRRRRRSRRRSRS,Rhoto
qvae_sample_4293,MASRALRRRLRRRRRRSRRRSSSA,Rhoto
qvae_sample_4299,MASRALRRLLRRRRRSSRSRSRAA,Rhoto
qvae_sample_4300,MASRALRRLLRRRRRSSRSRSSAA,Rhoto
qvae_sample_4301,MASRRLRRLLRRRRRSSRSASSAA,Rhoto
qvae_sample_4306,MASRALRRLLRRRRRSSRSASSAAR,Rhoto
qvae_sample_4313,MASRALRRRLRRRRRRSRRRSSAA,Rhoto
qvae_sample_4315,MASRALRRLLRRRRRRSRSSSSAALR,Rhoto
qvae_sample_4348,MASRRLRRRLRRRRRRSRRRSSAA,Rhoto
qvae_sample_4352,MASRALRRRLRRRRRRSRSRSRAA,Rhoto
qvae_sample_4356,MASRLLRRLLRRRARRRRRRSRAA,Rhoto
qvae_sample_4358,MASRRLRRRLRRRARRRRRRSRR,Rhoto
qvae_sample_4375,MASRALRRLLRRRARRRRRSRSR,Rhoto
qvae_sample_4399,MASRLLRRLLRRRARRSRSSSRAA,Rhoto
qvae_sample_4400,MASRLLRRRLRRRARRSRRRSRR,Rhoto
qvae_sample_4417,MASRLLRRRLRRRRRRSRSRSRR,Rhoto
qvae_sample_4428,MASRLLRRRLRRRRRRSRSSSRAA,Rhoto
qvae_sample_4430,MASRLLRRRLRRRARRRRSSSRR,Rhoto
qvae_sample_4431,MASRLLRRRLRRRRRRRRSSRRR,Rhoto
qvae_sample_4432,MASRLLRRRLRRRARRSRSSRRAA,Rhoto
qvae_sample_4443,MASRLLRRRLRRRRRRSRSSRSAA,Rhoto
qvae_sample_4445,MASRLLRRRLRRRRRRRRSSSRA,Rhoto
qvae_sample_4483,MASRALRRLLLRRRRSSRSASSAAARAS,Rhoto
qvae_sample_4486,MASRRLRRLLRRRRRRSRSARRAALSS,Rhoto
qvae_sample_4489,MASLRLRRLLRRRRRRSRSARRAALSS,Rhoto
qvae_sample_4495,MASLRLRRLLRRRRRRSRSARRAALSSS,Rhoto
qvae_sample_4510,MASLRLRRLLLRRRRRSRSARRAALR,Rhoto
qvae_sample_4513,MASRLLRRLLLRRRRSSRSARRAARR,Rhoto
qvae_sample_4520,MASLLLRRLLLRRRRRSRSLSRAAARSS,Rhoto
qvae_sample_4521,MASLLLRRLLLRRRRSSRSLSRAASRS,Rhoto
qvae_sample_4544,MASRLLRRLLLRRRRRSRSRSRAARR,Rhoto
qvae_sample_4550,MASLLLRRLLLRRRRRSRSARRAASR,Rhoto
qvae_sample_4554,MASRLLRRLLLRRRRRSRSARRAASR,Rhoto
qvae_sample_4561,MASRRLRRLLRRRRRRSRSARRAAAR,Rhoto
qvae_sample_4568,MASRLLRRLLLRRRRSSRSRRRAARR,Rhoto
qvae_sample_4571,MASLLLRRLLLRRRRSSRSRRSAAASS,Rhoto
qvae_sample_4572,MASRRLRRLLRRRRRRSRSRRRAAA,Rhoto
qvae_sample_4580,MASRLLRRLLRRRRRRSRSRRRRAR,Rhoto
qvae_sample_4584,MASLLLRRLLRRRRRRSRSARSAALSS,Rhoto
qvae_sample_4588,MASRALRRLLRRRRRRSRSARSAASRS,Rhoto
qvae_sample_4601,MASLLLRRLLLRRRRSSRSARSAALS,Rhoto
qvae_sample_4603,MASLLLRRLLLRRRRSSRSARRAASS,Rhoto
qvae_sample_4607,MASRLLRRLLLRRRRRSRSASRAASR,Rhoto
qvae_sample_4611,MASRRLRRLLRRRRRRSRSRSRRAR,Rhoto
qvae_sample_4617,MASLRLRRLLRRRRRRSRSSRSAALS,Rhoto
qvae_sample_4618,MASLRLRRLLLRRRRRSRSRRRAAR,Rhoto
qvae_sample_4619,MASRRLRRLLRRRRRRSRSRRSAALR,Rhoto
qvae_sample_4620,MASLRLRRLLRRRRRRSRSRRRAAR,Rhoto
qvae_sample_4622,MASRALRRLLRRRRRRSRSARSAASR,Rhoto
qvae_sample_4623,MASRRLRRLLRRRRRRSRSRRRAAS,Rhoto
qvae_sample_4627,MAALRLRRLLRRRRRRSRSSRSAAL,Rhoto
qvae_sample_4642,MLSRLLRRRLRRRARSSRSASRAAR,Rhoto
qvae_sample_4656,MLSRLLRRRLRRRARRSRSSRRAAR,Rhoto
qvae_sample_4661,MLSRLLRRLLRRRRRRSRSRRRAAAR,Rhoto
qvae_sample_4662,MLSRLLRRRLRRRRRRSRSRRRRA,Rhoto
qvae_sample_4663,MLSRLLRRRLRRRRRRSRSRRRR,Rhoto
qvae_sample_4667,MLSLLLRRLLRRRRRRSRSRRRRAR,Rhoto
qvae_sample_4672,MASRALRRLLRRRRRRSRSARRAAA,Rhoto
qvae_sample_4675,MLSLLLRRRLRRRRRRSRSRRRRA,Rhoto
qvae_sample_4679,MASRLLRRRLRRRRRRSRSARRRA,Rhoto
qvae_sample_4684,MASRLLRRRLRRRRRRSRSSRRAA,Rhoto
qvae_sample_4687,MASRRLRRLLRRRRRRSRSRRSRAR,Rhoto
qvae_sample_4693,MASRRLRRRLRRRRRRRRSSRRAA,Rhoto
qvae_sample_4700,MASRRLRRLLRRRRRRSRSLRSAAAS,Rhoto
qvae_sample_4703,MASLALRRLLRRRRRSSRSLRSAALSAS,Rhoto
qvae_sample_4722,MASLALRRLLLRRARSSRSASSAAASSS,Rhoto
qvae_sample_4725,MASLRLRRLLRRRRRSSRSRSSAARS,Rhoto
qvae_sample_4728,MASRLLRRLLLRRRRSSRSRSRAAAS,Rhoto
qvae_sample_4733,MASLRLRRLLRARRRRSRSLSSAALSS,Rhoto
qvae_sample_4746,MASLRLRRLLLRRRRRSRSLLSAAASASA,Rhoto
qvae_sample_4747,MASLRLRRLLLRRRRRSRSLSSAAASAS,Rhoto
qvae_sample_4753,MASLRLRRLLRRRRRRSRSLSSAASS,Rhoto
qvae_sample_4754,MASRRLRRLLRRRRRRSRSLRSAASS,Rhoto
qvae_sample_4755,MASLRLRRLLLRRRRSSRSRSRAASS,Rhoto
qvae_sample_4757,MASLALRRLLRRRRRRSRSLSSAAL,Rhoto
qvae_sample_4758,MASRALRRLLRRRARSSRSSSSAAASSA,Rhoto
qvae_sample_4759,MASRALRRLLRRRARSSRSLSSAAASSS,Rhoto
qvae_sample_4760,MASRALRRLLRRRARSSRSLSSAAAS,Rhoto
qvae_sample_4761,MASRALRRLLRRRARRSRSRSSAAAS,Rhoto
qvae_sample_4763,MASRRLRRLLRRRARRSRSRRSAAAS,Rhoto
qvae_sample_4764,MASLALRRLLRRRARSSRSSRSAAASS,Rhoto
qvae_sample_4769,MASRALRRLLRRRARSSRSRRSRRA,Rhoto
qvae_sample_4770,MASRALRRLLRRRARRSRSLRSAAL,Rhoto
qvae_sample_4776,MASRLLRRRLRRRARRRRSSRRAR,Rhoto
qvae_sample_4778,MASRALRRLLRRRRRRSRSRRSRRA,Rhoto
qvae_sample_4780,MASRRLLRRLRRRRRRSRSRRRRA,Rhoto
qvae_sample_4783,MASLRLRRLLRRRRRSSRSARSAASS,Rhoto
qvae_sample_4786,MASRLLRRLLRRRARSSRSASRAAAR,Rhoto
qvae_sample_4801,MASRLLRRLLRRRARSSRSRSSAARS,Rhoto
qvae_sample_4810,MASLLLRRLLRRRARSSRSARSAAAS,Rhoto
qvae_sample_4811,MASRLLRRLLRRRRRRSRSLSSAASSS,Rhoto
qvae_sample_4816,MASRALRRLLRRRARRSRSRRSAAAR,Rhoto
qvae_sample_4817,MASRLLRRLLRRRARSSRSRRRRA,Rhoto
qvae_sample_4818,MASRLLRRRLRRRARRSRSRRRRA,Rhoto
qvae_sample_4825,MASRLLRRLLRRRARRSRSSRRAAR,Rhoto
qvae_sample_4828,MASRLLRRRLRRRARRRRSRRRR,Rhoto
qvae_sample_4833,MASRALRRLLRRRRRRSRSRRRAAAS,Rhoto
qvae_sample_4834,MASLLLRRLLRRRRRRSRSRRRRAR,Rhoto
qvae_sample_4835,MASRLLLRLLRRRARRSRSRRRRA,Rhoto
qvae_sample_4838,MASRALRRLLRRRARSSRSSRSALSS,Rhoto
qvae_sample_4841,MASRALRRLLRRRRRSSRSARSAASS,Rhoto
qvae_sample_4849,MASRALRRLLRRRARSSRSASSAALS,Rhoto
qvae_sample_4853,MASRRLRRLLRRRRRSRRSSRSARS,Rhoto
qvae_sample_4854,MASRRLRRLLRRRRRRRRSRRRRR,Rhoto
qvae_sample_4857,MASRALRRLLRRRRRRSRSLRSAASS,Rhoto
qvae_sample_4860,MASRALRRLLRRRRRRSRSLRSARSS,Rhoto
qvae_sample_4861,MASRRLLRLLRRRRRRRRSRRSRR,Rhoto
qvae_sample_4866,MASRALRRLLRRRRRSSRSRSSAAL,Rhoto
qvae_sample_4867,MASRRLRRRLRRRRRRRRSRRSRR,Rhoto
qvae_sample_4871,MASRALRRLLRRRRRRSRSRRSAAL,Rhoto
qvae_sample_4883,MASRLLRRRLRRRARSRRSSSRRR,Rhoto
qvae_sample_4899,MASRRLRRLLRRRARRSRSRRSAAA,Rhoto
qvae_sample_4900,MASRLLRRRLRRRARRSRSRRRRR,Rhoto
qvae_sample_4902,MASRRLRRLLRRRRRRSRSRRSRR,Rhoto
qvae_sample_4911,MASRRLLRLLRRRRRRSRSRRRRA,Rhoto
qvae_sample_4913,MASRLLRRRLRRRRRRRRSSRSRR,Rhoto
qvae_sample_4914,MASRLLRRLLRRRARRRRSSRSAR,Rhoto
qvae_sample_4919,MASRLLRRRLRRRARRRRSSRRRR,Rhoto
qvae_sample_4935,MASRALRRLLRRRRRRSRSLSSAASS,Rhoto
qvae_sample_4936,MASRRLRRLLRRRRRRSRSARRAALR,Rhoto
qvae_sample_4950,MASLLLRRLLRRRRRSSRSRRRAAR,Rhoto
qvae_sample_4955,MASLALRRLLRRRRRSSRSASSAAL,Rhoto
qvae_sample_4962,MASRLLRRRLRRRRRSSRRASRAAR,Rhoto
qvae_sample_4974,MASLLLRRRLRRRRRSSRSARRAA,Rhoto
qvae_sample_4977,MASLLLRRRLRRRRRSRRSSSRRA,Rhoto
qvae_sample_4979,MASRLLRRRLRRRARSSRRASRAAR,Rhoto
qvae_sample_4980,MLSLLLRRRLRRRARSSRSRRRR,Rhoto
qvae_sample_4982,MASLLLRRRLRRRRRSSRSRSSAARS,Rhoto
qvae_sample_4984,MASLLLRRRLRRRRRSSRRRRRA,Rhoto
qvae_sample_4986,MLALLLRRRLRRRRRRRRRRRRR,HUMAN
qvae_sample_4988,MASLLLRRRLRRRRRSSRSARSAAR,Rhoto
qvae_sample_4991,MLSRLLRRRLRRRRRSRRRRRRR,Rhoto
qvae_sample_4993,MASRRLRRRLRRRRRRRRRASRR,Rhoto
qvae_sample_4996,MASRLLRRRLRRRRRSRRSASRA,Rhoto
qvae_sample_5008,MASLLLRRRLRRRRRSSRSSSRAA,Rhoto
qvae_sample_5010,MASRLLRRRLRRRARRSRSASRAAR,Rhoto
qvae_sample_5041,MASLALRRLLRARRRSSRSASSAAARSRA,Rhoto
qvae_sample_5042,MASLALRRLLRARRRSSRSASSAAASARA,Rhoto
qvae_sample_5066,MASLRLRRLLLRRRRRSRSASLAAAS,Rhoto
qvae_sample_5077,MASLALRRLLRARRRSSRSASSAALSS,Rhoto
qvae_sample_5078,MASLALRRLLLRRRRSSRSASSAALSS,Rhoto
qvae_sample_5097,MASRLLRRLLLRRARSSRSASSAAASS,Rhoto
qvae_sample_5112,MASLLLRRLLLRRARSSRSASSAAAS,Rhoto
qvae_sample_5125,MASRALRRLLRRRARSSRSASRAAA,Rhoto
qvae_sample_5127,MASRALRRLLRRRARSSRSASSAAAS,Rhoto
qvae_sample_5133,MASRRLRRLLRRRARRSRSRSRRAR,Rhoto
qvae_sample_5135,MASRLLLRLLRRRARSSRSARRAAAR,Rhoto
qvae_sample_5138,MAALRLRRRLRRRARSSRSRRRAA,Rhoto
qvae_sample_5139,MASLRLRRRLRRRRRSSRSRSRAAR,Rhoto
qvae_sample_5140,MASRALRRLLRRRRRSSRSRSSRAA,Rhoto
qvae_sample_5147,MASRALRRLLRRRARSSRSASSAAAR,Rhoto
qvae_sample_5160,MASRRLRRLLRRRRRRRRSRSSAAA,Rhoto
qvae_sample_5164,MASLRLRRRLRRRRRSSRSRSRAAA,Rhoto
qvae_sample_5165,MASRRLRRRLRRRRRRSRSASRAAA,Rhoto
qvae_sample_5170,MASLRLRRLLRRRRRSSRSRSSAAA,Rhoto
qvae_sample_5174,MASRALRRRLRRRRRRSRSRSSSA,Rhoto
qvae_sample_5183,MASLRLRRLLRRRRRRSRSLSSAAARAA,Rhoto
qvae_sample_5187,MASRRLRRLLRRRRRSSRSARSAAAR,Rhoto
qvae_sample_5188,MASLRLRRLLRRRRRRSRSLSSAAARSA,Rhoto
qvae_sample_5189,MASLRLRRLLLRRRRRSRSLSSAAAR,Rhoto
qvae_sample_5190,MASRRLRRLLRRRRRRSRRARRRA,Rhoto
qvae_sample_5201,MASRRLRRLLRRRRRSSRSARSAAA,Rhoto
qvae_sample_5207,MASRRLRRLLRRRRRRSRRARSRA,Rhoto
qvae_sample_5209,MASLRLLRLLLRRRRSSRSASRAARR,Rhoto
qvae_sample_5210,MASLRLRRLLRRRRRRSRSARSAAR,Rhoto
qvae_sample_5214,MASLRLRRLLRRRRRRSRSLSSAAAR,Rhoto
qvae_sample_5215,MASLLLRRLLLRRRRSSRSLRSAAAR,Rhoto
qvae_sample_5216,MASRLLLRLLLRRRRSSRSLRSAAAR,Rhoto
qvae_sample_5217,MASRRLRRLLRRRRRSSRSRRSRA,Rhoto
qvae_sample_5218,MASRRLRRLLLRRRRSSRSRRSAAA,Rhoto
qvae_sample_5220,MASRRLRRRLRRRRRSSRSRRRRAR,Rhoto
qvae_sample_5226,MASRRLRRLLRRRRRRSRRASSRA,Rhoto
qvae_sample_5246,MASRRLRRLLRRRRRRSRSASSAALS,Rhoto
qvae_sample_5253,MASRRLRRLLRRRRRRSRRRSSRR,Rhoto
qvae_sample_5254,MASRRLRRLLRRRRRRSRSRSSRA,Rhoto
qvae_sample_5259,MASLRLRRLLRRRRRRSRSASSAALS,Rhoto
qvae_sample_5271,MASRRLRRLLRRRRRSSRRLSSRA,Rhoto
qvae_sample_5273,MASRRLRRLLRRRRRSSRSLSSAAR,Rhoto
qvae_sample_5274,MASRRLRRLLRRRRRSSRRRSSRA,Rhoto
qvae_sample_5289,MASRRLRRLLRRRRRRSRRLSSAA,Rhoto
qvae_sample_5290,MASRRLRRRLRRRRRSSRSLSSAA,Rhoto
qvae_sample_5293,MASRRLRRLLRRRRRRSRRRSSRA,Rhoto
qvae_sample_5295,MASRRLRRLLRRRRRRSRRLRSRA,Rhoto
qvae_sample_5300,MASRRLRRRLRRRRRRSRRARSRA,Rhoto
qvae_sample_5301,MASRRLRRRLRRRRRRSRRRRRR,Rhoto
qvae_sample_5304,MASRRLRRLLRRRRRSSRRRRSRA,Rhoto
qvae_sample_5305,MASRRLRRLLRRRRRSSRRRRRRA,Rhoto
qvae_sample_5306,MASRRLRRLLRRRRRSSRSRRSRAA,Rhoto
qvae_sample_5307,MASRRLRRLLRRRRRRSRRRRSAAA,Rhoto
qvae_sample_5310,MASRRLRRLLRRRRRSSRRLRSAAA,Rhoto
qvae_sample_5311,MASRRLRRLLRRRRRSSRRSRSAAA,Rhoto
qvae_sample_5312,MASRRLRRLLRRRRRRSRSLRSAA,Rhoto
qvae_sample_5313,MASRRLRRLLRRRRRRSRRRRSAA,Rhoto
qvae_sample_5318,MASRRLRRLLRRRRRSSRSLRSAAR,Rhoto
qvae_sample_5328,MASRRLRRRLRRRRRRSRSASRRA,Rhoto
qvae_sample_5332,MASRRLRRRLRRRRRSSRRLSSRA,Rhoto
qvae_sample_5333,MASRRLRRRLRRRRRSSRSLRSAAR,Rhoto
qvae_sample_5335,MASRRLRRLLRRRRRSSRSLSSRA,Rhoto
qvae_sample_5337,MASRRLRRRLRRRRRRSRRLSRRA,Rhoto
qvae_sample_5338,MASRRLRRLLRRRRRRSRSRSSRAR,Rhoto
qvae_sample_5339,MASRRLRRRLRRRRRRSRRRSSRA,Rhoto
qvae_sample_5341,MASRRLRRLLRRRRRSSRSLRSAAAR,Rhoto
qvae_sample_5346,MASRRLRRLLRRRRRSSRSRRSAAR,Rhoto
qvae_sample_5349,MASRRLRRLLRRRRRRSRRRSSAR,Rhoto
qvae_sample_5354,MASRRLRRLLRRRRRRSRRRRSRA,Rhoto
qvae_sample_5364,MASRRLRRLLRRRRRRSRRRSSR,Rhoto
qvae_sample_5388,MASRRLRRRLRRRRRRSRRASSRA,Rhoto
qvae_sample_5390,MASRRLRRLLRRRARSSRRRRSRR,Rhoto
qvae_sample_5391,MASRRLRRRLRRRRRRSRRRRSRA,Rhoto
qvae_sample_5392,MASRRLLRRLRRRARSRRRRSRR,Rhoto
qvae_sample_5393,MASRRLRRRLRRRRRSRRRSRSAA,Rhoto
qvae_sample_5394,MASRLLRRLLRRRRRSRRRSRSR,Rhoto
qvae_sample_5396,MASRRLRRRLRRRRRSRRRSSSRA,Rhoto
qvae_sample_5397,MASRLLRRRLRRRRRSRRRRSSR,Rhoto
qvae_sample_5398,MASLRLRRLLRRRRRSSRSASSAAA,Rhoto
qvae_sample_5401,MASRRLRRLLRRRRRSSRSARSAA,Rhoto
qvae_sample_5404,MASRRLLRLLRRRARRSRRASRR,Rhoto
qvae_sample_5405,MASRRLLRLLRRRARRSRRASSR,Rhoto
qvae_sample_5408,MASRRLRRLLRRRRRRSRRRRSR,Rhoto
qvae_sample_5410,MASRRLRRLLRRRRRRSRSRSSR,Rhoto
qvae_sample_5412,MASRRLLRLLRRRARRSRRRSSR,Rhoto
qvae_sample_5413,MASLRLRRLLRRRARRSRSARSAA,Rhoto
qvae_sample_5415,MASRRLRRLLRRRARSSRSARSAAA,Rhoto
qvae_sample_5416,MASRRLRRLLRRRRRSSRSRRSAAA,Rhoto
qvae_sample_5418,MASRRLRRRLRRRRRSSRRARSRA,Rhoto
qvae_sample_5421,MASRRLRRRLRRRARSSRSRRSRA,Rhoto
qvae_sample_5423,MASRRLRRLLRRRRRSSRRRSSR,Rhoto
qvae_sample_5424,MASRRLRRRLRRRRRSSRRRRSR,Rhoto
qvae_sample_5426,MASRRLRRRLRRRRRSRRRARRRA,Rhoto
qvae_sample_5427,MASRRLRRRLRRRRRRSRRRRSR,Rhoto
qvae_sample_5430,MASRRLRRRLRRRRRRSRRARRRA,Rhoto
qvae_sample_5432,MASRRLRRRLRRRARSSRRRRRR,Rhoto
qvae_sample_5439,MASRRLRRLLRRRRRRSRSASSRRR,Rhoto
qvae_sample_5441,MASLLLRRLLRRRRRSSRSASSAAR,Rhoto
qvae_sample_5443,MASLLLRRLLRRRRRSSRSASSRA,Rhoto
qvae_sample_5444,MASRRLRRRLRRRARSSRSARSRA,Rhoto
qvae_sample_5446,MASRLLRRRLRRRRRSSRSRSSRAR,Rhoto
qvae_sample_5448,MASRRLRRRLRRRRRSSRSRSSRA,Rhoto
qvae_sample_5449,MASRRLRRRLRRRRRSSRSRSRR,Rhoto
qvae_sample_5451,MASRALRRRLRRRRRRSRRRRRRA,Rhoto
qvae_sample_5457,MASRRLRRLLRRRARSSRSASSAA,Rhoto
qvae_sample_5466,MASRRLRRLLRRRRRRSRRASRR,Rhoto
qvae_sample_5474,MLSRRLRRLLRRRRRRSRSASSAA,Rhoto
qvae_sample_5475,MASRRLRRLLRRRARRSRSASSAA,Rhoto
qvae_sample_5476,MASRRLRRRLRRRARRSRRASSR,Rhoto
qvae_sample_5477,MASRRLLRRLRRRARRSRRASRR,Rhoto
qvae_sample_5480,MASRRLRRRLRRRRRRSRRASSS,Rhoto
qvae_sample_5483,MASRRLRRRLRRRRRRSRRASSR,Rhoto
qvae_sample_5487,MASRRLRRLLRRRRRRSRSRSSSR,Rhoto
qvae_sample_5492,MASRRLRRRLRRRRRRSRSASSR,Rhoto
qvae_sample_5493,MASRRLRRRLRRRRRRRRRASSA,Rhoto
qvae_sample_5494,MASRRLRRLLRRRRRRRRSASRR,Rhoto
qvae_sample_5495,MASRRLRRRLRRRRRRSRRASRR,Rhoto
qvae_sample_5512,MASRRLRRRLRRRRRSSRRASSAA,Rhoto
qvae_sample_5515,MASRRLRRRLRRRARSSRRASRR,Rhoto
qvae_sample_5518,MASRRLRRRLRRRRRSSRRASSRA,Rhoto
qvae_sample_5522,MASRRLRRRLRRRRRSSRRASSR,Rhoto
qvae_sample_5528,MASRRLRRRLRRRRRRRRRRSSRA,Rhoto
qvae_sample_5529,MASRRLRRLLRRRARSSRRASSAA,Rhoto
qvae_sample_5530,MASRRLLRRLRRRARSRRRASRR,Rhoto
qvae_sample_5535,MASRRLRRRLRRRRRSSRSASSR,Rhoto
qvae_sample_5536,MASRRLRRRLRRRRRSSRRRSSR,Rhoto
qvae_sample_5537,MASRRLRRLLRRRRRSSRRRRSR,Rhoto
qvae_sample_5538,MASRRLRRRLRRRRRSSRRRSRR,Rhoto
qvae_sample_5548,MASRRLRRRLRRRRRSRRRASSR,Rhoto
qvae_sample_5549,MASRLLRRLLRRRARSRRRSSSAR,Rhoto
qvae_sample_5550,MAARRLRRRLRRRRRSRRRSSRR,Rhoto
qvae_sample_5552,MASRRLRRRLRRRRRRRRSSSSAA,Rhoto
qvae_sample_5554,MASRRLRRRLRRRRRRRRRARSR,Rhoto
qvae_sample_5556,MASRRLRRRLRRRRRRRRRSSSR,Rhoto
qvae_sample_5558,MASRRLRRLLRRRARRRRRSSSAR,Rhoto
qvae_sample_5559,MASRRLRRRLRRRRRRRRRSSSAA,Rhoto
qvae_sample_5560,MASRRLLRRLRRRRRRRRRRSSR,Rhoto
qvae_sample_5564,MASRRLRRRLRRRRRSRRRRSSR,Rhoto
qvae_sample_5573,MAARRLRRLLRRRRRSSRRASSR,Rhoto
qvae_sample_5580,MASRRLRRRLRRRRRRSRRASSAA,Rhoto
qvae_sample_5587,MASRRLRRLLRRRRRRRRRASSAR,Rhoto
qvae_sample_5594,MASRRLRRRLRRRRRRRRRASSRA,Rhoto
qvae_sample_5605,MASRRLRRRLRRRRRSRRRRRRR,Rhoto
qvae_sample_5606,MASRRLRRRLRRRRRSSRRRRRR,Rhoto
qvae_sample_5614,MASRRLRRRLRRRRRSRRRRRSR,Rhoto
qvae_sample_5625,MASRRLRRRLRRRRRSSRRRRSRR,Rhoto
qvae_sample_5629,MASRRLRRLLRRRRRSRRRSSSAR,Rhoto
qvae_sample_5630,MASRRLRRLLRRRRRSRRRSRSAR,Rhoto
qvae_sample_5638,MASRRLRRRLRRRRRSRRRRRSRA,Rhoto
qvae_sample_5648,MASRRLRRLLRRRARSSRSASSAAA,Rhoto
qvae_sample_5649,MASRRLRRRLRRRARSSRSASRRA,Rhoto
qvae_sample_5653,MASRRLRRRLRRRRRRSRSRSSRA,Rhoto
qvae_sample_5656,MASRRLRRRLRRRRRRSRSRSSRR,Rhoto
qvae_sample_5667,MASRLLRRRLRRRRRRSRSLSSAAAR,Rhoto
qvae_sample_5669,MASRLLRRRLRRRRRSSRRASSRA,Rhoto
qvae_sample_5670,MAARRLRRRLRRRRRSSRSASSRA,Rhoto
qvae_sample_5676,MASRRLRRRLRRRRRSSRSRSSAA,Rhoto
qvae_sample_5678,MASRRLRRRLRRRRRSSRSRSSR,Rhoto
qvae_sample_5687,MASRRLRRRLRRRRRRSRSSSSRA,Rhoto
qvae_sample_5689,MASRRLRRRLRRRRRRSRRSSSR,Rhoto
qvae_sample_5692,MASRLLRRRLRRRARRRRRSSSAR,Rhoto
qvae_sample_5704,MASRLLRRRLRRRRRSRRRSSRR,Rhoto
qvae_sample_5706,MAARRLRRRLRRRRRSSRRRRSRA,Rhoto
qvae_sample_5722,MASRRLRRLLRRRRRSSRSLSSRAA,Rhoto
qvae_sample_5724,MASRRLRRRLRRRRRRSRRLSSAAAR,Rhoto
qvae_sample_5726,MASRLLRRRLRRRRRSSRRRSRRA,Rhoto
qvae_sample_5729,MASRLLRRRLRRRRRSRRSSSSAR,Rhoto
qvae_sample_5747,MASRRLRRLLRRRARRSRRASSR,Rhoto
qvae_sample_5756,MASRRLLRRLRRRARRSRRRSRR,Rhoto
qvae_sample_5757,MASRRLRRLLRRRARSSRRRSRR,Rhoto
qvae_sample_5758,MASRRLRRRLRRRARRSRRRSRR,Rhoto
qvae_sample_5762,MASRRLRRLLRRRRRRSRSRRRA,Rhoto
qvae_sample_5767,MASRRLRRRLRRRRRRSRRRRSAA,Rhoto
qvae_sample_5789,MASRRLRRRLRRRARRRRRRSSR,Rhoto
qvae_sample_5793,MASRRLRRRLRRRRRRSRSRSSSA,Rhoto
qvae_sample_5795,MASRRLLRRLRRRRRRSRRRSSR,Rhoto
qvae_sample_5811,MASRRLRRLLRRRRRSSRRRSSA,Rhoto
qvae_sample_5828,MASRRLRRRLRRRRRRSRSRSSR,Rhoto
qvae_sample_5879,MASRRLRRRLRRRRRRRRRASSR,Rhoto
qvae_sample_5913,MASRRLRRLLRRRRRSRRSARSAA,Rhoto
qvae_sample_5914,MASRRLRRLLRRRRRSRRSRSSRA,Rhoto
qvae_sample_5919,MASRRLRRLLRRRRRSRRSASSAA,Rhoto
qvae_sample_5921,MASRRLRRLLRRRRRSRRSASSRA,Rhoto
qvae_sample_5922,MASRRLRRLLRRRRRSRRSRSSAA,Rhoto
qvae_sample_5923,MASRRLRRRLRRRRRSRRRRSSRA,Rhoto
qvae_sample_5925,MASRALRRLLRRRRRSSRRARSAAA,Rhoto
qvae_sample_5934,MASRRLRRLLRRRRRSRRRASSRA,Rhoto
qvae_sample_5935,MASRRLRRRLRRRRRSSRRRSSAAA,Rhoto
qvae_sample_5946,MASRRLLRRLRRRRRRSRRRSSS,Rhoto
qvae_sample_5950,MASRRLRRRLRRRRRRRRSRSSAA,Rhoto
qvae_sample_5952,MASLRLRRLLRRRRRSSRSASSAALR,Rhoto
qvae_sample_5956,MASRRLRRLLRRRRRSSRSARSAALR,Rhoto
qvae_sample_5959,MASLRLRRLLRRRRRSSRSASSAAAR,Rhoto
qvae_sample_5960,MASLRLRRLLLRRRRSSRSARSAALRA,Rhoto
qvae_sample_5963,MASLRLRRLLRRRRRRSRSLSSAALSA,Rhoto
qvae_sample_5968,MASRRLLRLLRRRARSSRSARSAAA,Rhoto
qvae_sample_5969,MASLRLRRLLRRRRRSSRSARSAAA,Rhoto
qvae_sample_5970,MASLRLRRLLRRRRRSSRSARSAALR,Rhoto
qvae_sample_5975,MASLRLRRLLRRRRRSSRSARSAAR,Rhoto
qvae_sample_5976,MASLRLRRLLRRRRRSSRSARSAALS,Rhoto
qvae_sample_5980,MASLRLRRLLRRRRRSSRSARSAARR,Rhoto
qvae_sample_5982,MASRRLRRLLRRRRRSSRSARSAAR,Rhoto
qvae_sample_5983,MASRRLRRLLRRRRRSSRSLRSAARR,Rhoto
qvae_sample_5984,MASRRLRRLLRRRRRSSRSARSRAA,Rhoto
qvae_sample_5987,MASLLLRRLLRRRRRSSRSLRSAALSS,Rhoto
qvae_sample_5989,MASRRLRRLLRRRRRSSRRARSRA,Rhoto
qvae_sample_5991,MASRRLRRLLRRRRRSSRRRRSRAR,Rhoto
qvae_sample_5994,MASLRLRRLLRRRRRSSRSARSAARS,Rhoto
qvae_sample_5995,MASLRLRRLLRRRRRSSRSARSRARR,Rhoto
qvae_sample_6000,MASRRLRRLLRRRRRSSRRLRRRAR,Rhoto
qvae_sample_6002,MASRRLRRLLRRRRRSSRRRRRRAA,Rhoto
qvae_sample_6003,MASRRLRRLLRRRARSSRRRRRRAA,Rhoto
qvae_sample_6005,MASLRLRRLLRRRRRSSRSARSAAAR,Rhoto
qvae_sample_6007,MASRALRRLLRRRRRSSRSLRSAAAR,Rhoto
qvae_sample_6009,MASLRLRRLLLRRRRSSRSASRAARR,Rhoto
qvae_sample_6011,MASLRLRRLLLRRRRSSRSASSAALR,Rhoto
qvae_sample_6015,MASLRLRRLLRRRRRSSRSARRRAR,Rhoto
qvae_sample_6018,MASLLLRRLLLRRRRSSRSARSAAAR,Rhoto
qvae_sample_6021,MASLLLRRLLLRRRRSSRSLSSAAARA,Rhoto
qvae_sample_6023,MASLLLRRLLRRRRRSSRSASRAARR,Rhoto
qvae_sample_6024,MASRLLRRLLLRRRRSSRSLRRAARR,Rhoto
qvae_sample_6030,MASRLLRRLLRRRARSSRSARSAARR,Rhoto
qvae_sample_6031,MASRRLRRLLRRRRRSSRSARRRAR,Rhoto
qvae_sample_6032,MASRLLRRLLRRRRRSSRSRRSAARR,Rhoto
qvae_sample_6034,MASLLLRRLLLRRRRSSRSLSSAAAS,Rhoto
qvae_sample_6036,MASLLLRRLLRRRRRSSRSLRSAAAR,Rhoto
qvae_sample_6043,MASLLLRRLLLRRARSSRSARSAARSA,Rhoto
qvae_sample_6046,MASLLLRRRLRRRARSSRSARRAARS,Rhoto
qvae_sample_6047,MASRRLRRLLRRRRRSSRSRRRRAR,Rhoto
qvae_sample_6051,MASLRLRRLLRRRRRSSRSRRRAAAR,Rhoto
qvae_sample_6053,MASLLLRRLLRRRRRSSRSRRRRARR,Rhoto
qvae_sample_6054,MASLLLRRLLLRRRRSSRSRRRAARR,Rhoto
qvae_sample_6057,MASLLLRRLLLRRRRSSRSLSRAAAS,Rhoto
qvae_sample_6060,MASRRLRRRLRRRARSSRSRRRRAR,Rhoto
qvae_sample_6062,MASRLLRRLLRRRARSSRRRRRRAR,Rhoto
qvae_sample_6064,MLSRRLRRRLRRRRRSSRRRRRRA,Rhoto
qvae_sample_6065,MASLRLRRLLRRRRRSSRSRRSRARR,Rhoto
qvae_sample_6069,MASRLLRRRLRRRRRSSRSRRRRAA,Rhoto
qvae_sample_6070,MASLRLRRLLRRRRRSSRSRRRAARR,Rhoto
qvae_sample_6074,MASLRLRRRLRRRARSSRSRRRRA,Rhoto
qvae_sample_6075,MASRLLRRRLRRRARSSRRRRRRA,Rhoto
qvae_sample_6076,MASLLLRRLLRRRRRSSRSRRRAARR,Rhoto
qvae_sample_6078,MASRRLRRLLRARRRRSRSASSAALR,Rhoto
qvae_sample_6082,MASRRLRRLLRRRRRSSRRASSRA,Rhoto
qvae_sample_6089,MASRALRRLLRARRRRSRSLSSAALRA,Rhoto
qvae_sample_6102,MASLRLRRLLRRRRRRSRSLSSAALRS,Rhoto
qvae_sample_6103,MASRALRRLLRRRRRRSRRASSRAA,Rhoto
qvae_sample_6116,MASRRLLRLLRRRRRRSRSLSSAAL,Rhoto
qvae_sample_6126,MASRRLRRLLRRRRRRSRRRSSSA,Rhoto
qvae_sample_6136,MASLRLRRLLRRRRRRSRSASSAAL,Rhoto
qvae_sample_6137,MASLRLRRLLRRRRRSSRSLSSAALR,Rhoto
qvae_sample_6163,MASRALRRLLRRRRRSSRSLSSAAARA,Rhoto
qvae_sample_6168,MASRRLRRLLRRRRRSSRRASSRAR,Rhoto
qvae_sample_6171,MASRRLRRLLRRRRRSSRRASSAAR,Rhoto
qvae_sample_6178,MASRRLRRLLRRRRRSSRSLSSAALSS,Rhoto
qvae_sample_6186,MASRRLRRLLRRRRRRSRSLSSAALRA,Rhoto
qvae_sample_6193,MASLRLRRLLRRRRRRSRSLSSAALSAS,Rhoto
qvae_sample_6194,MASLRLRRLLRRRRRSSRSLSSAALSA,Rhoto
qvae_sample_6197,MASRRLRRLLRRRRRSSRRRSSRAA,Rhoto
qvae_sample_6212,MASRRLRRRLRRRRRSSRSASSRA,Rhoto
qvae_sample_6213,MASRRLRRLLRRRRRSSRRLRSRA,Rhoto
qvae_sample_6219,MASRRLRRLLRRRRRSSRSLSSAAL,Rhoto
qvae_sample_6228,MASRALRRLLRRRRRRSRSLSSAALSA,Rhoto
qvae_sample_6236,MASRALRRLLRRRRRRSRRRSSRAA,Rhoto
qvae_sample_6244,MASLRLRRLLRRRRRRSRRARSRAR,Rhoto
qvae_sample_6248,MASRRLRRLLRRRRRRSRRLSRRAR,Rhoto
qvae_sample_6249,MASRRLRRLLRRRRRRSRRLSSRA,Rhoto
qvae_sample_6261,MASLRLRRLLRRRRRSSRSARSRAA,Rhoto
qvae_sample_6273,MASRRLRRLLRRRRRSSRRLRSRAR,Rhoto
qvae_sample_6275,MASRRLRRLLRRRRRSSRRRRSRAA,Rhoto
qvae_sample_6278,MASRRLRRLLRRRRRSSRRRRRR,Rhoto
qvae_sample_6288,MASRRLRRLLRRRRRSSRSLRSRAA,Rhoto
qvae_sample_6289,MASRALRRLLRRRRRSSRSLRSRAA,Rhoto
qvae_sample_6291,MASRRLRRLLRRRRRRSRRRRSRAA,Rhoto
qvae_sample_6296,MASRRLRRLLRRRRRSSRRLSSAAA,Rhoto
qvae_sample_6298,MASRRLRRLLRRRRRSSRRRSRRA,Rhoto
qvae_sample_6304,MASRRLRRLLRRRRRSSRSSRSAAR,Rhoto
qvae_sample_6309,MASRRLRRLLRRRRRSRRRRRSRA,Rhoto
qvae_sample_6311,MASRRLRRLLRRRRRSSRRSRSRA,Rhoto
qvae_sample_6318,MASLLLRRLLRRRRRSSRSARSAALS,Rhoto
qvae_sample_6319,MASRALRRLLRRRRRSSRSSRSAAAR,Rhoto
qvae_sample_6320,MASLRLRRLLRRRRRSSRSRRSRAR,Rhoto
qvae_sample_6322,MASLRLRRLLRRRRRSSRRRRSRA,Rhoto
qvae_sample_6334,MASLRLRRLLRRRRRSSRSASSAARR,Rhoto
qvae_sample_6336,MASRALRRLLRRRRRSSRSASSRAR,Rhoto
qvae_sample_6337,MASRRLRRLLLRRARSSRSLSRAARR,Rhoto
qvae_sample_6340,MLSRLLRRLLRRRRRSSRSARSAAR,Rhoto
qvae_sample_6341,MASRRLRRLLRRRRRSSRRASRRA,Rhoto
qvae_sample_6343,MASLRLRRLLRRRRRSSRSASSAAL,Rhoto
qvae_sample_6344,MASRLLRRLLLRRRRSSRSASSAALR,Rhoto
qvae_sample_6347,MASRRLRRLLRRRRRSSRSASRRAR,Rhoto
qvae_sample_6349,MASRRLRRRLRRRRRSSRSARRAA,Rhoto
qvae_sample_6360,MASRLLRRLLRRRRRSSRSASSRAR,Rhoto
qvae_sample_6361,MASRLLRRLLRRRRRSSRSLSSAARR,Rhoto
qvae_sample_6367,MASRLLRRLLRRRRRSSRSLRSAAR,Rhoto
qvae_sample_6392,MASRRLRRLLRRRRRRSRSRSSRAAR,Rhoto
qvae_sample_6394,MASRRLRRLLRRRARSSRSRRRRA,Rhoto
qvae_sample_6400,MASLRLRRLLRRRRRSSRSRSSRAA,Rhoto
qvae_sample_6401,MASRRLRRLLRRRRRRSRSRSSRAA,Rhoto
qvae_sample_6404,MASLRLRRLLRRRARSSRSRRRRA,Rhoto
qvae_sample_6407,MASLRLRRLLRRRRRRSRSRRSRAR,Rhoto
qvae_sample_6423,MASRLLRRRLRRRRRSSRRRRRR,Rhoto
qvae_sample_6425,MASRLLRRRLRRRRRRSRRRRRR,Rhoto
qvae_sample_6431,MASRLLRRLLRRRRRSSRSRRSRAAR,Rhoto
qvae_sample_6434,MASRLLRRLLRRRRRSSRRRRRRAR,Rhoto
qvae_sample_6441,MASRRLRRRLRRRRRSSRSRSRRA,Rhoto
qvae_sample_6442,MASRRLRRRLRRRRRSSRSSRSRA,Rhoto
qvae_sample_6443,MASLRLRRLLRRRRRSSRSRRSAAR,Rhoto
qvae_sample_6450,MASRRLRRRLRRRRRRRRRSRRRA,Rhoto
qvae_sample_6462,MASRRLRRRLRRRRRSSRRRRSAA,Rhoto
qvae_sample_6463,MASLRLRRLLRRRRRSSRRRSSAAA,Rhoto
qvae_sample_6464,MASRRLRRRLRRRRRRSRSRSRRA,Rhoto
qvae_sample_6479,MASRRLLRLLRRRRRRSRRRSRRA,Rhoto
qvae_sample_6484,MASRRLLRLLRRRRRRSRRRSRSA,Rhoto
qvae_sample_6490,MASLRLRRLLRRRRRRSRSRSSRA,Rhoto
qvae_sample_6500,MASLALRRLLRRRRRRSRSLSSAALR,Rhoto
qvae_sample_6502,MASRALRRLLRRRRRRSRRASSRA,Rhoto
qvae_sample_6512,MASRALRRRLRRRRRRSRRRSRR,Rhoto
qvae_sample_6531,MASRRLRRRLRRRRRRSRRRSSSA,Rhoto
qvae_sample_6541,MASRALRRLLRRRRRRSRSLSSAAL,Rhoto
qvae_sample_6552,MASRRLRRRLRRRRRRSRRRSSAAL,Rhoto
qvae_sample_6581,MASRRLRRLLRRRRRSSRRRSSAA,Rhoto
qvae_sample_6596,MASLRLRRLLRRRRRRSRSLSSAAL,Rhoto
qvae_sample_6612,MASRALRRRLRRRRRSSRRRRSR,Rhoto
qvae_sample_6614,MASRALRRRLRRRRRRSRRRSSRA,Rhoto
qvae_sample_6618,MASRLLRRRLRRRRRRSRRRSSR,Rhoto
qvae_sample_6620,MASRALRRRLRRRRRSSRRRSSAA,Rhoto
qvae_sample_6621,MASRLLRRRLRRRRRSSRRRSSR,Rhoto
qvae_sample_6624,MASRRLRRRLRRRARSSRSRRSAAR,Rhoto
qvae_sample_6625,MASRRLRRRLRRRARSSRRASRRA,Rhoto
qvae_sample_6626,MASRRLRRRLRRRARSSRRASSRA,Rhoto
qvae_sample_6627,MASRRLRRLLRRRARRSRSASSRA,Rhoto
qvae_sample_6628,MASRRLRRRLRRRARSRRRASRR,Rhoto
qvae_sample_6630,MASRRLRRRLRRRARSSRSASSAAA,Rhoto
qvae_sample_6638,MASRRLRRRLRRRARSSRSRSSRAA,Rhoto
qvae_sample_6639,MASRRLRRRLRRRARSSRRRSSRA,Rhoto
qvae_sample_6641,MASRRLRRRLRRRARSRRRRSRR,Rhoto
qvae_sample_6643,MASRRLRRRLRRRRRSRRSSSSAA,Rhoto
qvae_sample_6645,MASRRLRRRLRRRARSRRRSSRR,Rhoto
qvae_sample_6646,MASRALRRLLRRRARSSRSSSSAAR,Rhoto
qvae_sample_6647,MASRRLRRRLRRRARSRRRASSRA,Rhoto
qvae_sample_6648,MASRRLRRRLRRRARSRRRSRSRA,Rhoto
qvae_sample_6650,MASRRLRRRLRRRARRSRSRSSRA,Rhoto
qvae_sample_6651,MASRRLRRRLRRRARSRRRRRSR,Rhoto
qvae_sample_6652,MASRRLRRLLRRRARSSRRASSRAA,Rhoto
qvae_sample_6653,MASRRLRRRLRRRARSSRRRSRRA,Rhoto
qvae_sample_6654,MASRRLRRLLRRRARRSRRRSSRA,Rhoto
qvae_sample_6658,MASRRLRRRLRRRARRRRRRSRRR,Rhoto
qvae_sample_6660,MASRRLRRLLRRRRRSSRSSRSRAA,Rhoto
qvae_sample_6665,MASRRLRRLLRRRRRSSRRRRSAAA,Rhoto
qvae_sample_6673,MASRRLLRRLRRRARRRRRRSSR,Rhoto
qvae_sample_6675,MASRRLRRLLRRRARRSRRRRRRA,Rhoto
qvae_sample_6676,MASRRLLRRLRRRARSRRRRRRR,Rhoto
qvae_sample_6677,MASRRLRRLLRRRARSSRRRRSRAA,Rhoto
qvae_sample_6678,MASRRLLRLLRRRARSSRRRSSRAA,Rhoto
qvae_sample_6681,MASRRLRRRLRRRRRSRRRSRSRA,Rhoto
qvae_sample_6692,MASRRLRRRLRRRRRRRRRSSSRA,Rhoto
qvae_sample_6697,MASRRLLRLLRRRARSSRRRRSRA,Rhoto
qvae_sample_6698,MASRLLRRRLRRRRRSRRRRRSR,Rhoto
qvae_sample_6703,MASRRLRRRLRRRRRSSRSSRSRAA,Rhoto
qvae_sample_6704,MASRRLRRLLRRRRRRSRSSRSAAA,Rhoto
qvae_sample_6706,MASRRLRRRLRRRRRSSRSSSSRA,Rhoto
qvae_sample_6707,MASRRLRRRLRRRARSSRSRSSAAR,Rhoto
qvae_sample_6709,MASRRLRRRLRRRARSRRRRSSRA,Rhoto
qvae_sample_6714,MASRRLRRRLRRRRRSRRRRSRR,Rhoto
qvae_sample_6716,MASRLLRRRLRRRRRSRRRSRSRR,Rhoto
qvae_sample_6717,MASRLLRRRLRRRRRRSRSSRSAR,Rhoto
qvae_sample_6718,MASRLLRRRLRRRRRSRRRSSSRA,Rhoto
qvae_sample_6720,MASRRLRRRLRRRRRSRRRSSSR,Rhoto
qvae_sample_6722,MASRLLRRRLRRRARSRRRSRSR,Rhoto
qvae_sample_6726,MASLRLRRLLRRRARSSRSASSAAAR,Rhoto
qvae_sample_6727,MASLRLRRLLRRRRRSSRSASSSAR,Rhoto
qvae_sample_6729,MASLALRRLLRRRARSSRSASSAAA,Rhoto
qvae_sample_6731,MASRRLRRLLRRRARSSRSARSRA,Rhoto
qvae_sample_6732,MASRRLRRLLRRRARSSRSARSAA,Rhoto
qvae_sample_6734,MASRRLRRLLRRRARSSRSASRSAR,Rhoto
qvae_sample_6736,MASRRLLRLLRRRARRSRSASSRA,Rhoto
qvae_sample_6737,MASRALRRLLRRRARSSRRASRRA,Rhoto
qvae_sample_6738,MASRRLRRLLRRRARRSRRASRRA,Rhoto
qvae_sample_6739,MLSRRLLRRLRRRARRSRRARRR,Rhoto
qvae_sample_6740,MASRRLLRRLRRRARRSRRARSR,Rhoto
qvae_sample_6741,MASRRLRRRLRRRARRSRSARSSA,Rhoto
qvae_sample_6745,MASRRLRRLLRRRARSSRSASSSAR,Rhoto
qvae_sample_6746,MASRRLRRLLRRRARSSRSASRAAA,Rhoto
qvae_sample_6752,MASRRLRRLLRRRARRSRRASRR,Rhoto
qvae_sample_6753,MASRRLRRLLRRRARRSRSASRRA,Rhoto
qvae_sample_6759,MASLRLRRLLRRRRRSSRSARSSAR,Rhoto
qvae_sample_6760,MASLRLRRLLRRRARSSRSASRAAL,Rhoto
qvae_sample_6761,MASLRLRRRLRRRARRSRSARSSA,Rhoto
qvae_sample_6762,MASRRLRRLLRRRARRSRSARRAA,Rhoto
qvae_sample_6764,MASRRLRRLLRRRARRSRRASRSA,Rhoto
qvae_sample_6765,MASRRLRRLLRRRARRSRRARRRA,Rhoto
qvae_sample_6766,MASRRLRRRLRRRARRSRRARRS,Rhoto
qvae_sample_6770,MASRRLRRRLRRRRRRSRRARRS,Rhoto
qvae_sample_6771,MASRRLRRLLRRRRRRSRRARRR,Rhoto
qvae_sample_6773,MASRRLRRLLRRRARRSRRASRS,Rhoto
qvae_sample_6775,MASRRLRRRLRRRARRSRRASRS,Rhoto
qvae_sample_6779,MASRRLRRLLRRRRRSSRSARSAARR,Rhoto
qvae_sample_6787,MASRRLRRLLRRRARSSRSASSRAR,Rhoto
qvae_sample_6788,MASRRLRRLLRRRARSSRSARSRAR,Rhoto
qvae_sample_6789,MASRLLRRLLRRRARSSRSARSAAR,Rhoto
qvae_sample_6790,MASRRLRRLLRRRARSSRSARRRA,Rhoto
qvae_sample_6792,MASRRLRRRLRRRARSRRRARSRA,Rhoto
qvae_sample_6795,MASRRLRRLLRRRARSSRSASRRAR,Rhoto
qvae_sample_6796,MASRRLLRLLRRRARSSRSARSRAR,Rhoto
qvae_sample_6799,MASRRLRRLLRRRARSSRRASRRA,Rhoto
qvae_sample_6800,MASRRLRRLLRRRARSSRRARRRA,Rhoto
qvae_sample_6801,MLSRRLLRRLRRRARSSRRARRR,Rhoto
qvae_sample_6802,MASRRLLRRLRRRARSRRRARRR,Rhoto
qvae_sample_6807,MASRRLRRLLRRRARSSRSASSAARS,Rhoto
qvae_sample_6808,MASRRLRRLLRRRRRSSRSARRRA,Rhoto
qvae_sample_6819,MASRRLRRLLRRRARSSRSARSAAR,Rhoto
qvae_sample_6820,MASRRLRRLLRRRARSSRSARRR,Rhoto
qvae_sample_6824,MASRRLRRLLRRRARSSRSASSAAR,Rhoto
qvae_sample_6825,MASRRLRRRLRRRRRSSRSRSSRAR,Rhoto
qvae_sample_6828,MASRRLLRLLRRRARSSRSASSRAR,Rhoto
qvae_sample_6829,MASRRLLRRLRRRRRSSRSRSSRA,Rhoto
qvae_sample_6832,MASRRLRRRLRRRARSSRSASRR,Rhoto
qvae_sample_6833,MASRRLRRRLRRRARSSRSRSSRA,Rhoto
qvae_sample_6834,MLSRRLLRRLRRRRRSSRRRSRR,Rhoto
qvae_sample_6836,MASRRLRRRLRRRARSSRSRSSRAR,Rhoto
qvae_sample_6837,MASLLLRRLLRRRRRSSRSARSAAR,Rhoto
qvae_sample_6839,MASLRLRRRLRRRRRSSRSARSAAR,Rhoto
qvae_sample_6842,MASRRLRRRLRRRARSSRSARRRAR,Rhoto
qvae_sample_6844,MASRRLRRRLRRRRRSSRRARRRA,Rhoto
qvae_sample_6845,MASRRLRRRLRRRRRSRRRARSRA,Rhoto
qvae_sample_6846,MASRRLRRLLRRRARSSRSARSAAAS,Rhoto
qvae_sample_6848,MASRRLLRLLRRRARSSRSARSAAR,Rhoto
qvae_sample_6849,MASRRLLRRLRRRRRRSRSARSRA,Rhoto
qvae_sample_6850,MASRRLRRRLRRRARSSRRARRRA,Rhoto
qvae_sample_6851,MASRRLRRRLRRRARRSRRARSRA,Rhoto
qvae_sample_6856,MASRRLRRRLRRRRRSSRSARSSAR,Rhoto
qvae_sample_6857,MASRRLRRRLRRRRRSSRSARSRA,Rhoto
qvae_sample_6862,MASRRLRRRLRRRRRSSRRARSR,Rhoto
qvae_sample_6867,MASRRLLRRLRRRARRSRSRSSR,Rhoto
qvae_sample_6869,MASRRLRRRLRRRARRRRRRRSR,Rhoto
qvae_sample_6871,MASRALRRLLRRRARSSRRARRRA,Rhoto
qvae_sample_6873,MAALRLRRLLRRRARSSRRARRR,Rhoto
qvae_sample_6874,MASRRLRRLLRRRARRSRRARRR,Rhoto
qvae_sample_6875,MASRRLRRRLRRRARSSRRARSRA,Rhoto
qvae_sample_6876,MASRRLRRRLRRRARRRRRARRRA,Rhoto
qvae_sample_6877,MLARRLRRLLRRRARRSRRARRR,Rhoto
qvae_sample_6878,MASRRLLRLLRRRARRSRRARRR,Rhoto
qvae_sample_6883,MASRRLRRRLRRRRRRSRRARRR,Rhoto
qvae_sample_6886,MASRRLLRRLRRRARRSRRARRR,Rhoto
qvae_sample_6890,MASRLLRRLLRRRARSSRSARSRAR,Rhoto
qvae_sample_6891,MASRLLRRLLRRRRRSSRRARRRA,Rhoto
qvae_sample_6892,MASRALRRLLRRRARSSRRARSRAR,Rhoto
qvae_sample_6893,MASRALRRLLRRRARSSRRARSRAA,Rhoto
qvae_sample_6894,MASRLLRRLLRRRARSSRSARSAAAR,Rhoto
qvae_sample_6895,MLSRRLRRRLRRRARSSRRARRRA,Rhoto
qvae_sample_6901,MASRLLRRRLRRRARSSRRRRRR,Rhoto
qvae_sample_6903,MASRALRRRLRRRARSSRSARSRAA,Rhoto
qvae_sample_6904,MASRRLLRRLRRRARSSRRARRRA,Rhoto
qvae_sample_6909,MASRRLRRRLRRRRRSSRSRRSRA,Rhoto
qvae_sample_6910,MASRRLRRLLRRRARSSRRRRSRAR,Rhoto
qvae_sample_6913,MASRRLRRRLRRRARSRRRRRRRA,Rhoto
qvae_sample_6918,MASRLLRRLLRRRRRSRRSSRRRA,Rhoto
qvae_sample_6919,MASRLLRRLLRRRARSSRSARRAAR,Rhoto
qvae_sample_6920,MASRLLRRLLRRRRRSRRRSRRR,Rhoto
qvae_sample_6923,MLSRRLRRRLRRRARSSRRRRRRA,Rhoto
qvae_sample_6925,MASRLLRRRLRRRARSRRRRRRRA,Rhoto
qvae_sample_6929,MASRRLRRLLRRRARSSRRARSRAR,Rhoto
qvae_sample_6931,MASRLLRRRLRRRRRSRRRRRSRA,Rhoto
qvae_sample_6936,MASLLLRRLLRRRARSSRSASRAARR,Rhoto
qvae_sample_6939,MLSLLLRRLLLRRRRSSRSASRAARR,Rhoto
qvae_sample_6940,MASLALRRRLRRRARSSRSASRRA,Rhoto
qvae_sample_6941,MASLLLRRLLRRRARSSRSASRAAR,Rhoto
qvae_sample_6942,MLSRRLRRRLRRRRRSSRSARRRA,Rhoto
qvae_sample_6943,MASRRLRRLLRRRARSSRSASRRA,Rhoto
qvae_sample_6948,MASRLLRRLLRRRARSSRSASRRA,Rhoto
qvae_sample_6949,MLSRLLRRRLRRRRRRSRRARRR,Rhoto
qvae_sample_6950,MASLLLRRLLRRRARSSRSASRSAR,Rhoto
qvae_sample_6951,MASLRLRRRLRRRRRSSRSARRSA,Rhoto
qvae_sample_6952,MASLLLRRRLRRRARSSRSARRSA,Rhoto
qvae_sample_6953,MASLLLRRRLRRRARSSRSASRSAR,Rhoto
qvae_sample_6954,MASLLLRRRLRRRRRRSRSASRS,Rhoto
qvae_sample_6955,MASRLLRRRLRRRARRSRRASRS,Rhoto
qvae_sample_6958,MASLLLRRLLRRRRRSSRSLSSAAARS,Rhoto
qvae_sample_6963,MASRLLRRLLRRRARSSRSASSRAR,Rhoto
qvae_sample_6965,MASLLLRRLLRRRRRSSRSARRRA,Rhoto
qvae_sample_6966,MASRLLRRLLRRRRRSSRSARRRA,Rhoto
qvae_sample_6967,MASLLLRRRLRRRRRSSRSASRRAR,Rhoto
qvae_sample_6968,MLSRLLRRLLRRRRRSSRSASRAARR,Rhoto
qvae_sample_6977,MASRLLRRRLRRRARSSRRASRRA,Rhoto
qvae_sample_6979,MASRLLRRRLRRRARSSRRARRRA,Rhoto
qvae_sample_6980,MASRLLRRRLRRRARSSRSARSAAR,Rhoto
qvae_sample_6981,MASRLLRRRLRRRRRSSRRARRRA,Rhoto
qvae_sample_6983,MASRRLLRLLRRRARSSRSASRRA,Rhoto
qvae_sample_6989,MASRLLRRLLRRRARSSRSASSAAR,Rhoto
qvae_sample_6990,MASRLLRRRLRRRARSSRSASSRAR,Rhoto
qvae_sample_6991,MASRLLRRRLRRRARSSRSASSAAR,Rhoto
qvae_sample_6995,MASRLLRRRLRRRRRSSRSRSSRA,Rhoto
qvae_sample_6996,MLSRLLRRLLRRRRRSSRSRSSAAR,Rhoto
qvae_sample_6998,MASRLLRRRLRRRRRSSRSRRSRAR,Rhoto
qvae_sample_7006,MASRLLRRRLRRRARSSRSASRRA,Rhoto
qvae_sample_7008,MASRLLRRRLRRRARSSRRASSRA,Rhoto
qvae_sample_7009,MASRLLRRRLRRRARSSRSARSRA,Rhoto
qvae_sample_7010,MLSRLLRRRLRRRRRSSRRRRSR,Rhoto
qvae_sample_7011,MASRLLRRRLRRRARSSRSRSRRR,Rhoto
qvae_sample_7012,MASRLLLRRLRRRARSSRSRSRAAR,Rhoto
qvae_sample_7013,MASRRLLRRLRRRARSSRSRSRRA,Rhoto
qvae_sample_7018,MASLLLRRRLRRRARSSRSARRAARR,Rhoto
qvae_sample_7019,MASRLLRRRLRRRARSSRSSRRAAR,Rhoto
qvae_sample_7020,MASLLLRRRLRRRARSSRSARSAAR,Rhoto
qvae_sample_7022,MASRLLRRRLRRRRRSSRSARRRA,Rhoto
qvae_sample_7025,MASLLLRRRLRRRARSSRRARRRA,Rhoto
qvae_sample_7026,MASLLLRRRLRRRARSSRSARRAA,Rhoto
qvae_sample_7028,MASRLLRRRLRRRARSSRRARRAA,Rhoto
qvae_sample_7031,MASRLLRRLLRRRARSSRSSRSAARR,Rhoto
qvae_sample_7033,MASLLLRRRLRRRRRSSRSASRRA,Rhoto
qvae_sample_7039,MASRLLRRRLRRRRRSSRSRRSR,Rhoto
qvae_sample_7040,MASLLLRRRLRRRRRSSRSASSAAR,Rhoto
qvae_sample_7043,MASRLLRRRLRRRARSSRRARRR,Rhoto
qvae_sample_7044,MLSRLLRRRLRRRARSSRSARRAA,Rhoto
qvae_sample_7045,MASRLLRRRLRRRARSRRRSRRR,Rhoto
qvae_sample_7047,MASRLLRRRLRRRARSSRSASRRR,Rhoto
qvae_sample_7049,MASLLLRRLLRRRARSSRSASRRAR,Rhoto
qvae_sample_7050,MLSRRLRRRLRRRARSSRRARRR,Rhoto
qvae_sample_7051,MLSRLLRRRLRRRARSSRRRRRRA,Rhoto
qvae_sample_7052,MASRRLRRRLRRRARRSRRARRRA,Rhoto
qvae_sample_7053,MASRRLRRRLRRRARRSRRRRRRA,Rhoto
qvae_sample_7055,MASLALRRLLRRRARSSRSASRRAR,Rhoto
qvae_sample_7056,MASLRLRRRLRRRRRRSRSARRRA,Rhoto
qvae_sample_7057,MLALRLRRRLRRRARRSRRARRR,Rhoto
qvae_sample_7063,MASLLLRRRLRRRARSSRSRRRRAR,Rhoto
qvae_sample_7066,MASLLLRRRLRRRRRSSRRRRRR,Rhoto
qvae_sample_7067,MLSLLLRRRLRRRRRSSRSRRRRA,Rhoto
qvae_sample_7068,MASRLLRRRLRRRRRSRRRRRRR,Rhoto
qvae_sample_7069,MASRLLLRRLRRRRRSSRRRRRR,Rhoto
qvae_sample_7073,MASLLLRRLLRRRRRSSRSASSRAAR,Rhoto
qvae_sample_7075,MASRLLRRLLRRRRRSSRSARRRAA,Rhoto
qvae_sample_7077,MASRALRRRLRRRRRSSRRRRSRA,Rhoto
qvae_sample_7078,MLSRLLRRRLRRRRRSSRSRRSAAR,Rhoto
qvae_sample_7079,MASRALRRRLRRRARSSRRRRSRA,Rhoto
qvae_sample_7080,MASRLLRRLLRRRARSSRRRRSAAR,Rhoto
qvae_sample_7081,MLSRLLRRRLRRRARSSRRRRRR,Rhoto
qvae_sample_7083,MASRLLRRRLRRRARSRRRRRRR,Rhoto
qvae_sample_7085,MLARLLRRRLRRRRRSSRRRRRR,Rhoto
qvae_sample_7086,MLSLLLRRRLRRRARSSRRRRRR,Rhoto
qvae_sample_7090,MASRLLRRRLRRRARSSRSRRSRAA,Rhoto
qvae_sample_7094,MASRLLRRRLRRRARSSRRRRRRAA,Rhoto
qvae_sample_7096,MASRLLRRRLRRRRRSSRSRRSRA,Rhoto
qvae_sample_7100,MLSRLLRRRLRRRRRSSRRRRRR,Rhoto
qvae_sample_7106,MASRLLRRLLRRRRRSSRSSRSRARR,Rhoto
qvae_sample_7108,MASLLLRRRLRRRRRSSRSARRR,Rhoto
qvae_sample_7109,MLSLLLRRRLRRRARSSRSARRAA,Rhoto
qvae_sample_7112,MLSLLLRRRLRRRRRSRRRRRRR,Rhoto
qvae_sample_7113,MLSLLLRRRLRRRRRSSRSRRRR,Rhoto
qvae_sample_7116,MASLLLRRLLRRRARSSRSARRAAAR,Rhoto
qvae_sample_7117,MASRLLRRLLRRRRRSSRRARRRAA,Rhoto
qvae_sample_7119,MASRLLRRRLRRRRRSSRRSRSRA,Rhoto
qvae_sample_7120,MLARLLRRRLRRRRRSSRSRRRAA,Rhoto
qvae_sample_7124,MLALLLRRRLRRRARSSRRRRRR,Rhoto
qvae_sample_7130,MASRLLRRRLRRRRRSRRRRRRRA,Rhoto
qvae_sample_7134,MASRLLRRRLRRRRRSRRRSRRR,Rhoto
qvae_sample_7137,MLSRLLRRRLRRRARRSRRRRRR,Rhoto
qvae_sample_7147,MASRALRRLLRRRARSSRSASSAAR,Rhoto
qvae_sample_7148,MASRRLRRLLRRRARSSRRASRR,Rhoto
qvae_sample_7152,MLSRRLRRRLRRRRRSSRSASSRA,Rhoto
qvae_sample_7153,MASRRLRRRLRRRARSSRSASSRA,Rhoto
qvae_sample_7156,MASRRLRRRLRRRARRRRRASRR,Rhoto
qvae_sample_7157,MASLALRRLLRRRRRSSRSASSAAA,Rhoto
qvae_sample_7158,MASRALRRLLRRRARSSRSASSAAL,Rhoto
qvae_sample_7161,MASRALRRLLRRRRRSSRSLSSAALRA,Rhoto
qvae_sample_7162,MASRALRRLLRRRARRSRSLSSAALR,Rhoto
qvae_sample_7175,MASRRLRRLLRRRARSSRSASSSR,Rhoto
qvae_sample_7176,MASRRLRRLLRRRARSSRSASSSAA,Rhoto
qvae_sample_7181,MASRALRRLLRRRARRSRRASRR,Rhoto
qvae_sample_7186,MASRRLRRLLRRRARRSRRASSAA,Rhoto
qvae_sample_7188,MLARRLRRRLRRRARRSRRASSR,Rhoto
qvae_sample_7192,MASRALRRLLRRRARSSRSASSSA,Rhoto
qvae_sample_7194,MASRRLRRRLRRRARRSRRASSSA,Rhoto
qvae_sample_7195,MASRRLRRRLRRRARRSRSASSAA,Rhoto
qvae_sample_7201,MASRRLLRLLRRRARRSRRASRRA,Rhoto
qvae_sample_7204,MASRRLRRRLRRRRRRSRRASSSA,Rhoto
qvae_sample_7207,MASRRLLRRLRRRARRSRRASRRA,Rhoto
qvae_sample_7208,MASRRLRRRLRRRRRRSRSASSAAL,Rhoto
qvae_sample_7211,MASRRLRRLLRRRARSSRSASSRA,Rhoto
qvae_sample_7212,MASRRLRRRLRRRARRSRRASRR,Rhoto
qvae_sample_7223,MASRRLRRRLRRRRRRSRRASRRA,Rhoto
qvae_sample_7224,MASRRLRRLLRRRARRSRSASSSAR,Rhoto
qvae_sample_7227,MAARRLRRRLRRRARRSRRRSRR,Rhoto
qvae_sample_7229,MASRRLRRLLRRRRRRSRRRSSSR,Rhoto
qvae_sample_7244,MASRALRRLLRRRARSSRSSSSAAL,Rhoto
qvae_sample_7245,MASRRLRRLLRRRARSSRSASSSA,Rhoto
qvae_sample_7246,MASRRLRRLLRRRARSRRSASSAA,Rhoto
qvae_sample_7248,MASRRLRRLLRRRARSRRRASRR,Rhoto
qvae_sample_7254,MASRRLRRRLRRRARRRRRARRR,Rhoto
qvae_sample_7255,MASLALRRLLRRRARSSRSASSAAL,Rhoto
qvae_sample_7260,MASRRLRRLLRRRARSSRSLSSAAL,Rhoto
qvae_sample_7271,MASRALRRLLRRRARRSRRASSAAR,Rhoto
qvae_sample_7272,MASRALRRLLRRRARRSRRASSAAL,Rhoto
qvae_sample_7274,MASRRLRRLLRRRARRRRRASRS,Rhoto
qvae_sample_7275,MAARRLRRRLRRRARRSRRASRR,Rhoto
qvae_sample_7280,MASRRLRRRLRRRARRRRRASSR,Rhoto
qvae_sample_7302,MASRRLRRRLRRRRRSSRRASRR,Rhoto
qvae_sample_7330,MASRRLRRLLRRRRRSSRSASRRA,Rhoto
qvae_sample_7347,MASRLLRRRLRRRARSSRSLSSAAR,Rhoto
qvae_sample_7349,MASRLLRRLLRRRARSSRSASSAAA,Rhoto
qvae_sample_7355,MASRRLRRRLRRRRRSRRRASSRA,Rhoto
qvae_sample_7356,MASRRLRRRLRRRRRRSRSARSRA,Rhoto
qvae_sample_7366,MASRRLRRLLRRRARSSRSLSSAAAR,Rhoto
qvae_sample_7369,MASRRLRRRLRRRRRSSRSLSSAAAR,Rhoto
qvae_sample_7372,MASRRLRRRLRRRRRSSRRASRRA,Rhoto
qvae_sample_7383,MASRRLLRLLRRRARSSRSASSRA,Rhoto
qvae_sample_7384,MAARRLLRLLRRRARSSRSASRR,Rhoto
qvae_sample_7385,MASRRLLRRLRRRRRSSRSASSRA,Rhoto
qvae_sample_7386,MASRRLLRLLRRRARSSRSASSAAA,Rhoto
qvae_sample_7389,MASRRLRRRLRRRARSSRRASSR,Rhoto
qvae_sample_7391,MASRRLRRLLRRRARSSRRASSRA,Rhoto
qvae_sample_7392,MAARRLRRLLRRRARSSRRASSRA,Rhoto
qvae_sample_7393,MAARRLRRRLRRRARSSRRASRR,Rhoto
qvae_sample_7394,MAARRLRRRLRRRARSRRRRSRR,Rhoto
qvae_sample_7395,MASRRLRRLLRRRARRSRSRSSRA,Rhoto
qvae_sample_7396,MLSRRLRRRLRRRRRSSRRASSR,Rhoto
qvae_sample_7400,MASRRLRRRLRRRARSSRSASSAAR,Rhoto
qvae_sample_7403,MASRRLRRLLRRRARRSRSASSAAAR,Rhoto
qvae_sample_7405,MASRRLRRRLRRRARSSRRASSAA,Rhoto
qvae_sample_7408,MASRRLLRRLRRRARSSRRASRRA,Rhoto
qvae_sample_7410,MASRRLLRRLRRRARRSRRRSSRA,Rhoto
qvae_sample_7416,MASRRLRRRLRRRRRSSRSASRRA,Rhoto
qvae_sample_7425,MASRRLRRRLRRRARSSRSRSSAA,Rhoto
qvae_sample_7439,MASRRLRRLLRRRARSSRSASSAAAS,Rhoto
qvae_sample_7449,MASRRLRRLLRRRARSSRSASSAARR,Rhoto
qvae_sample_7452,MASRRLLRRLRRRARSSRSASSAAA,Rhoto
qvae_sample_7455,MASRRLRRRLRRRARSSRRRSSR,Rhoto
qvae_sample_7456,MASRRLRRRLRRRARRSRRRSSR,Rhoto
qvae_sample_7457,MASRRLRRRLRRRARSSRRRSRR,Rhoto
qvae_sample_7458,MAARRLRRRLRRRARSSRRRSRR,Rhoto
qvae_sample_7460,MLSRRLRRRLRRRRRRSRRRSSR,Rhoto
qvae_sample_7463,MASRRLRRLLRRRARRSRSASSAAA,Rhoto
qvae_sample_7466,MASRRLLRRLRRRARSSRRRSRR,Rhoto
qvae_sample_7472,MASRLLRRLLRRRARSSRSSRSAAR,Rhoto
qvae_sample_7473,MASRRLRRRLRRRRRSSRSASRRR,Rhoto
qvae_sample_7474,MASRLLRRLLRRRARSRRSASRRR,Rhoto
qvae_sample_7479,MASLRLRRLLRRRRRSSRSSSSAALRA,Rhoto
qvae_sample_7486,MASRLLRRLLRRRARSSRSSSSAAR,Rhoto
qvae_sample_7491,MASRLLRRRLRRRARSSRSARSAA,Rhoto
qvae_sample_7492,MASRRLRRRLRRRRRSSRRSSSRA,Rhoto
qvae_sample_7493,MASRLLRRLLRRRARSRRRSRSRA,Rhoto
qvae_sample_7494,MASRRLRRRLRRRRRSRRRASRR,Rhoto
qvae_sample_7497,MASRRLRRRLRRRRRSRRSSRSAA,Rhoto
qvae_sample_7498,MASRRLRRRLRRRRRSRRRARSR,Rhoto
qvae_sample_7500,MASRRLRRRLRRRRRRRRRSRSRA,Rhoto
qvae_sample_7501,MASRRLRRRLRRRRRSRRRARRR,Rhoto
qvae_sample_7510,MASRRLRRLLRRRARSSRSSSSAALR,Rhoto
qvae_sample_7513,MASRRLRRRLRRRRRSSRSLSSAAL,Rhoto
qvae_sample_7515,MASRLLRRLLRRRARSSRSSSSAAA,Rhoto
qvae_sample_7521,MASRRLRRRLRRRRRSSRRARSAA,Rhoto
qvae_sample_7526,MASRLLRRLLRRRARSSRSASSAARR,Rhoto
qvae_sample_7529,MASRRLLRRLRRRARSRRSASRR,Rhoto
qvae_sample_7531,MASRRLRRLLRRRARRSRSSSSAALR,Rhoto
qvae_sample_7538,MASRRLRRRLRRRARRSRRARRA,Rhoto
qvae_sample_7544,MASRRLRRRLRRRARRRRSSSSRA,Rhoto
qvae_sample_7548,MASRALRRLLRRRARRSRSASSAALS,Rhoto
qvae_sample_7550,MASRRLRRRLRRRARSSRSARSAAL,Rhoto
qvae_sample_7552,MASRALRRLLRRRARRSRSSSSAALR,Rhoto
qvae_sample_7554,MASRRLLRRLRRRARRSRRASSAA,Rhoto
qvae_sample_7555,MASRRLRRLLRRRARSSRRSSSAA,Rhoto
qvae_sample_7560,MASRRLLRRLRRRRRRSRRRSSRA,Rhoto
qvae_sample_7561,MASRALLRLLRRRARSSRSASSAAL,Rhoto
qvae_sample_7566,MASRRLRRRLRRRRRSRRSASRR,Rhoto
qvae_sample_7575,MASRLLRRRLRRRARSRRRRRSAA,Rhoto
qvae_sample_7577,MASRLLRRLLRRRARSRRRSRSRR,Rhoto
qvae_sample_7580,MASRRLRRRLRRRRRRSRSRRSRA,Rhoto
qvae_sample_7592,MASRRLRRLLRRRRRSSRRSSSAA,Rhoto
qvae_sample_7596,MASRRLRRLLRRRRRRSRSRSSAAS,Rhoto
qvae_sample_7600,MASRRLRRLLRRRARRSRSASSAAR,Rhoto
qvae_sample_7602,MASRRLRRRLRRRARRSRSASSRR,Rhoto
qvae_sample_7604,MASRRLRRRLRRRRRRSRRRSSSR,Rhoto
qvae_sample_7605,MASRRLRRLLRRRARRSRRRSSRR,Rhoto
qvae_sample_7616,MASRRLRRRLRRRARRSRRRSSRA,Rhoto
qvae_sample_7621,MASRRLRRLLRRRARSSRRASSR,Rhoto
qvae_sample_7623,MASRALRRLLRRRRRSSRRASSRA,Rhoto
qvae_sample_7624,MASRALRRLLRRRARRSRRRSRRA,Rhoto
qvae_sample_7627,MASRALRRRLRRRRRRSRSASSRA,Rhoto
qvae_sample_7628,MASRALRRRLRRRRRRSRRASSRA,Rhoto
qvae_sample_7634,MASRALRRLLRRRRRSSRSARSRA,Rhoto
qvae_sample_7637,MASRRLRRLLRRRARRSRRARSRA,Rhoto
qvae_sample_7641,MASRALRRLLRRRARRSRRLSSAAA,Rhoto
qvae_sample_7642,MASRRLRRLLRRRRRRSRRASRRA,Rhoto
qvae_sample_7647,MASRALRRLLRRRARRSRRASSRR,Rhoto
qvae_sample_7648,MASRALRRLLRRRARRSRRASSRA,Rhoto
qvae_sample_7660,MASRRLLRLLRRRARRSRRRSSRA,Rhoto
qvae_sample_7661,MASRRLLRLLRRRARRSRRRSRR,Rhoto
qvae_sample_7696,MASRALRRLLRRRRRRSRRASSRR,Rhoto
qvae_sample_7709,MASRRLLRLLRRRRRRSRRRSRR,Rhoto
qvae_sample_7716,MASRRLRRLLRRRRRSSRSARSRAAR,Rhoto
qvae_sample_7732,MASRRLRRRLRRRARSSRRRRSRA,Rhoto
qvae_sample_7743,MLSRRLRRRLRRRRRSRRRRRSR,Rhoto
qvae_sample_7748,MASRALRRLLRRRRRSSRSARSAAAR,Rhoto
qvae_sample_7752,MASRRLRRLLRRRRRRSRRARSRAA,Rhoto
qvae_sample_7770,MASRRLRRRLRRRRRRSRRASSRR,Rhoto
qvae_sample_7771,MASRRLLRRLRRRRRRSRRRRSR,Rhoto
qvae_sample_7774,MASRALRRLLRRRARRSRRRSSRR,Rhoto
qvae_sample_7784,MASRRLLRRLRRRARRSRRRRSRA,Rhoto
qvae_sample_7789,MASRRLLRRLRRRARRSRRRRRR,Rhoto
qvae_sample_7805,MASRLLRRLLRRRRRSSRSSRSAAR,Rhoto
qvae_sample_7806,MASRRLRRRLRRRRRSSRSSRSR,Rhoto
qvae_sample_7807,MASRRLRRRLRRRRRSRRRSRSR,Rhoto
qvae_sample_7809,MASRRLRRLLRRRRRSSRRSRSRR,Rhoto
qvae_sample_7814,MASRRLRRLLRRRRRSSRSSRSRA,Rhoto
qvae_sample_7815,MASRRLLRLLRRRRRSRRRSRRR,Rhoto
qvae_sample_7816,MASRRLRRRLRRRRRSSRRSRSRA,Rhoto
qvae_sample_7817,MASRLLRRLLRRRRRSSRRLRSAAR,Rhoto
qvae_sample_7818,MASRRLRRLLRRRRRSRRRSRSRA,Rhoto
qvae_sample_7819,MASRLLRRLLRRRARRRRRSRSAA,Rhoto
qvae_sample_7821,MAARRLRRRLRRRARSSRRRRRR,Rhoto
qvae_sample_7822,MASRRLRRRLRRRRRSRRRSRRR,Rhoto
qvae_sample_7840,MASRALRRLLRRRRRSSRSARSAAA,Rhoto
qvae_sample_7843,MASRLLRRRLRRRRRRSRRRRSAA,Rhoto
qvae_sample_7849,MASRALRRLLRRRRRSSRRSRSAAA,Rhoto
qvae_sample_7854,MASRRLRRLLRRRRRSRRRSRRRA,Rhoto
qvae_sample_7867,MASRRLRRLLRRRRRRSRSSRSRR,Rhoto
qvae_sample_7922,MLSRLLRRRLRRRRRSSRRASSR,Rhoto
qvae_sample_7923,MASRRLRRRLRRRARSRRRASSR,Rhoto
qvae_sample_7924,MASRLLRRRLRRRRRSSRRASRR,Rhoto
qvae_sample_7932,MASRRLRRRLRRRARRSRSASRR,Rhoto
qvae_sample_7934,MASRLLRRRLRRRARSSRRRSRR,Rhoto
qvae_sample_7946,MASLRLRRRLRRRARSSRSASSSA,Rhoto
qvae_sample_7964,MASRLLRRRLRRRRRSSRSSSRRA,Rhoto
qvae_sample_7966,MASRRLRRLLRRRRRSSRSRRSRAS,Rhoto
qvae_sample_7982,MASRLLRRRLRRRARSSRSASSAA,Rhoto
qvae_sample_7983,MASRALRRRLRRRRRSSRRASSRA,Rhoto
qvae_sample_7985,MASRLLRRRLRRRRRSSRRRSRR,Rhoto
qvae_sample_7986,MASRLLRRRLRRRRRSSRSRSRR,Rhoto
qvae_sample_7987,MASRLLRRRLRRRARSRRRASRR,Rhoto
qvae_sample_8002,MASRRLRRRLRRRARSSRSASRRR,Rhoto
qvae_sample_8020,MASRLLRRLLRRRARRSRSASSRA,Rhoto
qvae_sample_8024,MASRLLRRRLRRRARRSRRRSSR,Rhoto
qvae_sample_8025,MASRLLRRRLRRRARSSRRRSSRA,Rhoto
qvae_sample_8028,MASRLLRRRLRRRRRSRRRRSRR,Rhoto
qvae_sample_8033,MASRRLRRRLRRRARRSRSASSRA,Rhoto
qvae_sample_8041,MASRLLRRRLRRRARSSRSSSSRA,Rhoto
qvae_sample_8042,MASRLLRRRLRRRARSSRSSSSAAR,Rhoto
qvae_sample_8046,MASRLLRRRLRRRARSRRSSSRR,Rhoto
qvae_sample_8048,MASRLLRRRLRRRRRSSRSSRSR,Rhoto
qvae_sample_8059,MASRLLRRRLRRRRRSSRRSSRR,Rhoto
qvae_sample_8060,MASRLLRRRLRRRARSSRSSSRAA,Rhoto
qvae_sample_8061,MASRLLRRRLRRRARSRRRSSRR,Rhoto
qvae_sample_8063,MASRLLRRRLRRRRRSRRRSSSR,Rhoto
qvae_sample_8064,MASRLLRRRLRRRARSRRRSSSRA,Rhoto
qvae_sample_8068,MASRLLRRRLRRRRRSSRSSRSRA,Rhoto
qvae_sample_8069,MASRLLRRRLRRRARRRRSSRSRA,Rhoto
qvae_sample_8073,MASRLLRRLLRRRARRSRSASSAALR,Rhoto
qvae_sample_8077,MASRLLRRLLRRRARRSRSSSSAALR,Rhoto
qvae_sample_8079,MASRRLRRRLRRRARSSRSSSSRA,Rhoto
qvae_sample_8080,MASRLLRRRLRRRRRSSRSSSRR,Rhoto
qvae_sample_8086,MASRLLRRLLRRRARSSRSSSSRAR,Rhoto
qvae_sample_8091,MASRLLRRRLRRRARSSRSSSSAA,Rhoto
qvae_sample_8097,MLSRLLRRRLRRRARSSRSSSSAA,Rhoto
qvae_sample_8102,MASRLLRRRLRRRARRRRRSSRR,Rhoto
qvae_sample_8106,MASRLLRRRLRRRARSRRRRSRR,Rhoto
qvae_sample_8108,MASRLLRRRLRRRRRRSRSSSSRA,Rhoto
qvae_sample_8112,MASRRLRRLLRRRRRSSRRRSRR,Rhoto
qvae_sample_8114,MLSRLLRRLLRRRARRSRSASSAAR,Rhoto
qvae_sample_8117,MLARRLRRRLRRRARSSRRRSRR,Rhoto
qvae_sample_8121,MASRRLRRLLRRRARRSRRRSRRA,Rhoto
qvae_sample_8123,MLARRLRRRLRRRARSSRRRRRR,Rhoto
qvae_sample_8133,MASLRLRRLLRRRARRSRRASRRA,Rhoto
qvae_sample_8138,MASRRLRRRLRRRRRRRRSSRRR,Rhoto
qvae_sample_8141,MASRLLRRRLRRRARRRRRSSRRA,Rhoto
qvae_sample_8164,MASRLLRRRLRRRRRSSRSRSSR,Rhoto
qvae_sample_8166,MASRLLRRRLRRRRRSSRSSSSR,Rhoto
qvae_sample_8170,MASRLLRRRLRRRRRSSRRRRSRA,Rhoto
qvae_sample_8178,MASRLLRRRLRRRRRSSRSASSRAA,Rhoto
qvae_sample_8184,MLARLLRRRLRRRARSSRRRRRR,Rhoto
qvae_sample_8187,MASRLLRRRLRRRRRSSRRRRSR,Rhoto
qvae_sample_8211,MASRALRRLLRRRRRSSRSASSRAAR,Rhoto
qvae_sample_8212,MASRALRRLLRRRRRRSRSSSSRAAR,Rhoto
qvae_sample_8214,MASRLLRRRLRRRRRSSRRRSSRA,Rhoto
qvae_sample_8216,MASRLLRRRLRRRRRRSRRASRRA,Rhoto
qvae_sample_8230,MASRLLRRRLRRRRRRRRSRSSR,Rhoto
qvae_sample_8231,MASRRLRRRLRRRRRRSRRRSSRR,Rhoto
qvae_sample_8232,MLSRRLRRRLRRRRRRSRRRSSRA,Rhoto
qvae_sample_8245,MASRLLRRRLRRRRRRRRSSRSRA,Rhoto
qvae_sample_8252,MASRLLRRRLRRRRRRSRSRRSRR,Rhoto
qvae_sample_8253,MASRLLRRRLRRRRRRRRRSRSR,Rhoto
qvae_sample_8259,MASRRLRRRLRRRRRRSRSSRSRA,Rhoto
qvae_sample_8262,MASRLLRRRLRRRRRSRRRSRSR,Rhoto
qvae_sample_8285,MASRRLRRRLRRRRRRSRRSSSRA,Rhoto
qvae_sample_8286,MASRLLRRRLRRRRRRSRRSSSRA,Rhoto
qvae_sample_8295,MASRRLRRLLRRRRRSSRRSSSRA,Rhoto
qvae_sample_8297,MASRLLRRLLRRRARRSRRSSSAAA,Rhoto
qvae_sample_8299,MASLLLRRRLRRRRRSSRRRSRRA,Rhoto
qvae_sample_8327,MASRRLRRRLRRRARRSRSRSSAA,Rhoto
qvae_sample_8333,MASRRLRRLLRRRARSSRSSSSAAA,Rhoto
qvae_sample_8334,MASRRLRRLLRRRARSSRSRRSRA,Rhoto
qvae_sample_8339,MASRRLRRRLRRRARRRRRRSSAA,Rhoto
qvae_sample_8340,MASRRLRRRLRRRARRRRRRRSRA,Rhoto
qvae_sample_8341,MASRALRRRLRRRARRSRRARSR,Rhoto
qvae_sample_8345,MASRRLRRLLRRRARRSRRRSRR,Rhoto
qvae_sample_8353,MASRRLRRLLRRRRRRRRRRSSRA,Rhoto
qvae_sample_8356,MASRRLLRRLRRRRRRSRRRSRS,Rhoto
qvae_sample_8360,MASRRLRRLLRRRARRSRRRSSR,Rhoto
qvae_sample_8367,MASRRLLRLLRRRARRRRRRSRR,Rhoto
qvae_sample_8372,MASRRLRRRLRRRARRSRRRRRR,Rhoto
qvae_sample_8379,MASRRLRRLLRRRARSRRSRRSRA,Rhoto
qvae_sample_8381,MASRRLRRRLRRRRRSRRSRRSR,Rhoto
qvae_sample_8385,MASRRLRRRLRRRRRSRRSRSSRA,Rhoto
qvae_sample_8386,MASRRLRRLLRRRARSSRSRSSAA,Rhoto
qvae_sample_8387,MASRRLRRLLRRRARRSRSRRSRA,Rhoto
qvae_sample_8395,MASRRLRRLLRRRARSSRSRSSRA,Rhoto
qvae_sample_8402,MASRRLLRRLRRRARSSRSRSRR,Rhoto
qvae_sample_8403,MASRRLLRRLRRRARSRRSRSRR,Rhoto
qvae_sample_8404,MASRRLLRRLRRRRRSSRRRSRR,Rhoto
qvae_sample_8415,MASRRLRRLLRRRARRRRSRRRRA,Rhoto
qvae_sample_8436,MASRLLRRRLRRRRRRSRSRSSR,Rhoto
qvae_sample_8439,MASRLLRRRLRRRARRSRRRRRR,Rhoto
qvae_sample_8442,MASRLLRRLLRRRARSSRSRRSAAR,Rhoto
qvae_sample_8444,MASRLLRRRLRRRARSSRSRSRAA,Rhoto
qvae_sample_8445,MASRLLRRRLRRRARSSRSRRRR,Rhoto
qvae_sample_8450,MASRLLRRRLRRRARRSRRRRSRA,Rhoto
qvae_sample_8469,MASRALRRRLRRRARSSRRASSR,Rhoto
qvae_sample_8470,MASRALRRRLRRRARRSRRASSR,Rhoto
qvae_sample_8474,MASRALRRRLRRRARRSRRASRR,Rhoto
qvae_sample_8481,MLARRLRRRLRRRARRSRRRSRR,Rhoto
qvae_sample_8484,MASRALRRRLRRRARRSRRASSRA,Rhoto
qvae_sample_8487,MASRALRRRLRRRRRRSRRRSSR,Rhoto
qvae_sample_8488,MASRALRRRLRRRARRRRRRSSR,Rhoto
qvae_sample_8497,MASRRLRRRLRRRARRSRSRSSR,Rhoto
qvae_sample_8506,MASRALRRLLRRRARRSRRRSSRA,Rhoto
qvae_sample_8537,MASRALRRRLRRRARRSRRRSRR,Rhoto
qvae_sample_8539,MASRRLRRRLRRRARRSRRRSRRA,Rhoto
qvae_sample_8550,MASRALRRRLRRRARRSRSRSSSA,Rhoto
qvae_sample_8551,MASRALRRRLRRRARRSRSRSSRA,Rhoto
qvae_sample_8556,MLSRRLRRRLRRRARRSRRASSR,Rhoto
qvae_sample_8557,MASRALRRRLRRRRRRSRRASRRA,Rhoto
qvae_sample_8564,MASRALRRRLRRRRRRSRRASRR,Rhoto
qvae_sample_8566,MASRALRRRLRRRRRRSRRASSSA,Rhoto
qvae_sample_8604,MASRALRRLLRRRARRSRRRSSSA,Rhoto
qvae_sample_8605,MASRALRRLLRRRARRSRRRSSAA,Rhoto
qvae_sample_8610,MASRRLRRRLRRRRRRSRRRSSS,Rhoto
qvae_sample_8611,MASRRLRRRLRRRARRRRRRSSRA,Rhoto
qvae_sample_8619,MASRALLRRLRRRRRRSRRRSSR,Rhoto
qvae_sample_8622,MASRALRRLLRRRARRSRRASSAA,Rhoto
qvae_sample_8623,MASRALRRRLRRRRRSSRRASSR,Rhoto
qvae_sample_8624,MASRALRRRLRRRRRSSRRRSSR,Rhoto
qvae_sample_8630,MASRALRRRLRRRRRSSRRASSAA,Rhoto
qvae_sample_8643,MASRALRRLLRRRRRSSRSASSAARR,Rhoto
qvae_sample_8655,MASRRLRRLLRRRARRSRRRRRR,Rhoto
qvae_sample_8692,MASRRLLRRLRRRRRRSRSRSSRA,Rhoto
qvae_sample_8720,MASRRLRRRLRRRRRRRRRSSRR,Rhoto
qvae_sample_8725,MASRALRRRLRRRRRRRRRSSSRA,Rhoto
qvae_sample_8737,MASRRLRRRLRRRRRRRRSSSSR,Rhoto
qvae_sample_8745,MASRLLRRLLRRRARRRRRSSSR,Rhoto
qvae_sample_8783,MASRRLLRRLRRRRRRSRSRSSR,Rhoto
qvae_sample_8809,MASRALRRRLRRRARRRRRRSRR,Rhoto
qvae_sample_8815,MASRRLRRLLRRRARRRRRRSRR,Rhoto
qvae_sample_8880,MASRALRRRLRRRRRRSRRRRSRA,Rhoto
qvae_sample_8910,MASRLLRRRLRRRARRSRRASRR,Rhoto
qvae_sample_8911,MASRALRRRLRRRARRSRSASSRA,Rhoto
qvae_sample_8912,MASRLLRRRLRRRARRSRRASSR,Rhoto
qvae_sample_8921,MASRLLRRRLRRRARRSRRRSSRA,Rhoto
qvae_sample_8929,MASRALRRRLRRRRRRSRRSSSRA,Rhoto
qvae_sample_8933,MASRLLRRRLRRRRRRSRRASSRA,Rhoto
qvae_sample_8950,MASRLLRRRLRRRRRRSRRRRSR,Rhoto
qvae_sample_8954,MASRLLRRLLRRRARRSRSRSSAA,Rhoto
qvae_sample_8960,MASRLLRRRLRRRRRRSRRSSSR,Rhoto
qvae_sample_8963,MASRLLRRRLRRRRRRSRRSSRR,Rhoto
qvae_sample_8971,MASRLLRRRLRRRRRRRRRSSSR,Rhoto
qvae_sample_8972,MASRLLRRRLRRRARRRRRSSSR,Rhoto
qvae_sample_9023,MASLRLRRLLRRRRRRSRSLSSAALS,Rhoto
qvae_sample_9029,MASRRLLRLLRRRRRRSRSLSSRAA,Rhoto
qvae_sample_9032,MASRALRRLLRRRARSSRRRRSRR,Rhoto
qvae_sample_9033,MASRRLRRLLRRRARRSRRRRSRA,Rhoto
qvae_sample_9034,MASRLLRRRLRRRARSRRRRRSR,Rhoto
qvae_sample_9037,MASRRLRRLLRRRRRSRRSRRRRA,Rhoto
qvae_sample_9038,MASRRLRRLLRRRRRSSRSARSRAR,Rhoto
qvae_sample_9040,MASRLLRRRLRRRARSSRSARRRA,Rhoto
qvae_sample_9042,MASRLLRRRLRRRRRSSRSRRRR,Rhoto
qvae_sample_9046,MASRLLRRRLRRRRRSRRSRRRR,Rhoto
qvae_sample_9049,MASRLLRRRLRRRARRRRSSRRR,Rhoto
qvae_sample_9050,MASRRLRRLLRRRARSSRSARSAAAR,Rhoto
qvae_sample_9061,MASRRLRRLLRRRARSSRSASSAR,Rhoto
qvae_sample_9074,MASRRLRRRLRRRRRSRRSSRSR,Rhoto
qvae_sample_9075,MASRLLRRLLRRRARSRRSSRRR,Rhoto
qvae_sample_9078,MASRRLRRLLRRRRRSSRSSRSAA,Rhoto
qvae_sample_9083,MASRLLRRLLRRRARSRRSSRSAR,Rhoto
qvae_sample_9084,MASRRLRRRLRRRARSRRRSRSR,Rhoto
qvae_sample_9088,MASRRLRRLLRRRARRSRSSSSAAL,Rhoto
qvae_sample_9089,MASRRLRRRLRRRARSSRSSRSRA,Rhoto
qvae_sample_9090,MASRLLRRLLRRRARSSRSSRSRA,Rhoto
qvae_sample_9101,MASRRLRRLLRRRRRRSRRRRSRR,Rhoto
qvae_sample_9105,MASRRLLRLLRRRRRSSRRRRRR,Rhoto
qvae_sample_9106,MASRALRRRLRRRARRSRRRRSRR,Rhoto
qvae_sample_9111,MASRRLRRRLRRRRRRSRRRRSRR,Rhoto
qvae_sample_9114,MASRALRRLLRRRARRSRRRRSRA,Rhoto
qvae_sample_9116,MASRALRRLLRRRARSSRRRRSRA,Rhoto
qvae_sample_9121,MASRRLLRLLRRRRRRSRRRRSRA,Rhoto
qvae_sample_9128,MASRRLLRRLRRRRRRSRRSRRR,Rhoto
qvae_sample_9131,MASRRLRRRLRRRRRRRRRSRSR,Rhoto
qvae_sample_9139,MASRALRRLLRRRRRRSRRSRSRR,Rhoto
qvae_sample_9145,MASRLLRRLLRRRRRRSRRRRSRR,Rhoto
qvae_sample_9146,MASRRLLRLLRRRRRRSRRRRRR,Rhoto
qvae_sample_9148,MASRLLRRRLRRRARSSRSSSSR,Rhoto
qvae_sample_9149,MASRLLRRRLRRRRRSSRSRRSRR,Rhoto
qvae_sample_9150,MASRLLRRRLRRRARSRRSRSRR,Rhoto
qvae_sample_9157,MASRLLRRRLRRRARRRRSSRSR,Rhoto
qvae_sample_9162,MASRLLRRRLRRRRRRSRSSRSRA,Rhoto
qvae_sample_9209,MASRRLRRRLRRRRRRSRRARSSA,Rhoto
qvae_sample_9210,MASRRLLRRLRRRRRRSRRASSR,Rhoto
qvae_sample_9211,MASRRLLRRLRRRRRRSRRRRRR,Rhoto
qvae_sample_9212,MASRRLLRRLRRRRRRSRRRSSAA,Rhoto
qvae_sample_9213,MASRRLRRRLRRRRRRRRRASSS,Rhoto
qvae_sample_9236,MLARRLLRRLRRRRRRSRRARRR,Rhoto
qvae_sample_9247,MLSRRLRRRLRRRRRSRRRASRS,Rhoto
qvae_sample_9251,MLSRRLRRRLRRRRRRRRRARRR,Rhoto
qvae_sample_9265,MASRRLRRRLRRRRRRSRRASRS,Rhoto
qvae_sample_9281,MASRLLRRRLRRRRRSRRSSSSR,Rhoto
qvae_sample_9282,MLSRLLRRRLRRRRRSRRRASSR,Rhoto
qvae_sample_9283,MASRLLRRRLRRRRRSRRRASSR,Rhoto
qvae_sample_9369,MLSRLLRRRLRRRRRSRRRASRR,Rhoto
qvae_sample_9370,MASLLLRRRLRRRRRSRRRSSSR,Rhoto
qvae_sample_9372,MLSRLLRRRLRRRRRSRRRSSRR,Rhoto
qvae_sample_9404,MLSRLLRRRLRRRRRRRRRRSR,Rhoto
qvae_sample_9454,MASLRLRRLLRRRRRRSRSASSAALSA,Rhoto
qvae_sample_9467,MASRALRRLLRRRRRSSRRRRSRAA,Rhoto
qvae_sample_9478,MASRRLRRLLRRRRRRSRSRSSSAA,Rhoto
qvae_sample_9506,MASRRLRRLLRRRRRRRRSRSSRA,Rhoto
qvae_sample_9508,MASRRLRRLLRRRRRSRRSARSRAR,Rhoto
qvae_sample_9509,MASRALRRLLRRRARSSRSARSRAA,Rhoto
qvae_sample_9516,MASRRLLRRLRRRRRSRRSRSSRA,Rhoto
qvae_sample_9518,MASRRLRRLLRRRRRSRRRARSRA,Rhoto
qvae_sample_9526,MASRRLRRLLRRRARSSRSASSRAA,Rhoto
qvae_sample_9528,MASLRLRRLLRRRRRSSRSASSAAR,Rhoto
qvae_sample_9535,MASRRLRRLLRRRRRSRRSARSRA,Rhoto
qvae_sample_9537,MASLRLRRLLRRRRRSSRSASSRAAR,Rhoto
qvae_sample_9542,MASLLLRRLLRRRARSSRSASSAAA,Rhoto
qvae_sample_9543,MASRRLRRLLRRRRRSSRRARRRAA,Rhoto
qvae_sample_9544,MASLLLRRLLRRRARSSRRARRAAA,Rhoto
qvae_sample_9560,MASRALLRLLRRRARRSRSASSAAA,Rhoto
qvae_sample_9571,MASRRLRRLLRRRRRRRRSRSSR,Rhoto
qvae_sample_9574,MASRRLRRLLRRRRRRSRSRSSSA,Rhoto
qvae_sample_9579,MASRRLRRRLRRRRRRRRSRSSS,Rhoto
qvae_sample_9584,MASRRLRRRLRRRRRSRRSASSRA,Rhoto
qvae_sample_9601,MASRRLRRRLRRRRRSRRSRSSAA,Rhoto
qvae_sample_9603,MASRRLRRRLRRRRRRRRSRSSR,Rhoto
qvae_sample_9604,MASRRLLRLLRRRRRSSRSASSAA,Rhoto
qvae_sample_9608,MASRRLRRRLRRRRRSRRSARSAA,Rhoto
qvae_sample_9625,MASRRLRRLLRRRRRSRRRARSAA,Rhoto
qvae_sample_9631,MASRRLRRLLRRRRRSRRRRRRR,Rhoto
qvae_sample_9647,MASRRLRRRLRRRRRSRRRRRSAA,Rhoto
qvae_sample_9650,MASRRLLRLLRRRRRSRRRRRSRA,Rhoto
qvae_sample_9669,MASLRLRRLLRRRARSSRSASSRAA,Rhoto
qvae_sample_9670,MASRALRRLLRRRRRSSRSASSRAA,Rhoto
qvae_sample_9671,MASRRLRRRLRRRRRSRRSSRSRA,Rhoto
qvae_sample_9677,MAARRLRRRLRRRARSSRRRRSRA,Rhoto
qvae_sample_9682,MASRRLLRRLRRRRRSSRRRSSAA,Rhoto
qvae_sample_9685,MASLRLRRLLRRRRRSSRRASSRA,Rhoto
qvae_sample_9688,MASRRLRRLLRRRRRSSRRRSSAAA,Rhoto
qvae_sample_9692,MASRRLRRLLRRRRRRRRSSRSRA,Rhoto
qvae_sample_9696,MASRRLRRLLRRRRRSRRRRSSRA,Rhoto
qvae_sample_9697,MASRRLRRRLRRRRRSRRRRSRAA,Rhoto
qvae_sample_9706,MASRRLRRRLRRRRRRRRSRSRR,Rhoto
qvae_sample_9714,MASRRLRRLLRRRRRSRRSRSRR,Rhoto
qvae_sample_9748,MASRRLRRRLRRRRRRRRRRSSSA,Rhoto
qvae_sample_9750,MASRRLRRRLRRRRRRRRRRSRSA,Rhoto
qvae_sample_9756,MASRRLRRLLRRRRRRRRSRSSAA,Rhoto
qvae_sample_9807,MASRRLLRRLRRRRRSSRRRRSRA,Rhoto
qvae_sample_9821,MASRRLRRRLRRRRRSSRSRSSAAR,Rhoto
qvae_sample_9826,MASRRLRRRLRRRRRRRRSRRRR,Rhoto
qvae_sample_9835,MASRRLRRLLRRRRRRSRSRRSAAR,Rhoto
qvae_sample_9852,MASLLLRRLLLRRRRSSRSRSRAARR,Rhoto
qvae_sample_9855,MASRRLRRLLRRRRRSSRSRSRRAR,Rhoto
qvae_sample_9861,MASRLLRRRLRRRARRSRSRSRRAR,Rhoto
qvae_sample_9862,MASRLLRRRLRRRARRSRSRSRRA,Rhoto
qvae_sample_9868,MASRLLRRRLRRRARRSRSRSRR,Rhoto
qvae_sample_9872,MASLLLRRRLRRRRRSSRSRSRAAR,Rhoto
qvae_sample_9875,MASLLLRRLLRRRRRSSRSRRRRAR,Rhoto
qvae_sample_9888,MASRLLRRLLLRRRRSSRSARRAAS,Rhoto
qvae_sample_9889,MASRLLRRLLLRRRRRSRSRSRAASR,Rhoto
qvae_sample_9891,MASRRLRRRLRRRARRRRSRRRR,Rhoto
qvae_sample_9913,MASRRLRRLLRRRARRSRSRSSAAA,Rhoto
qvae_sample_9914,MASRRLRRRLRRRARRSRSRRRRR,Rhoto
qvae_sample_9915,MASRRLRRLLRRRARRSRSRRRRRA,Rhoto
qvae_sample_9916,MASRRLRRRLRRRRRRRRSRRRRA,Rhoto
qvae_sample_9917,MASRRLRRRLRRRARRRRSRRRRA,Rhoto
qvae_sample_9918,MASRRLRRLLRRRRRRSRSRRRRA,Rhoto
qvae_sample_9920,MASRRLRRRLRRRRRRRRSRRRRR,Rhoto
qvae_sample_9922,MASRRLRRRLRRRRRRSRSRRRRR,Rhoto
qvae_sample_9923,MASRRLRRRLRRRARRRRSRRRRR,Rhoto
qvae_sample_9924,MASRRLRRRLRRRARRSRSRSSAAA,Rhoto
qvae_sample_9926,MASRRLRRLLRRRARRSRSRRRRAA,Rhoto
qvae_sample_9927,MASRRLRRRLRRRARRSRSRRRRRA,Rhoto
qvae_sample_9928,MASRRLRRRLRRRARRSRSRRRRA,Rhoto
qvae_sample_9935,MASRRLRRRLRRRRRRRRSRSRRR,Rhoto
qvae_sample_9937,MASRRLRRRLRRRARRSRSRSRAAA,Rhoto
qvae_sample_9939,MASRRLRRRLRRRRRRSRSRRRAAA,Rhoto
qvae_sample_9942,MASRRLRRRLRRRRRRSRSRSRSAA,Rhoto
qvae_sample_9943,MASRRLLRRLRRRARRRRSRSRAAA,Rhoto
qvae_sample_9950,MASRRLRRRLRRRRRRSRSRRRRAA,Rhoto
qvae_sample_9958,MASRRLRRRLRRRARRSRSRRSRR,Rhoto
qvae_sample_9965,MASRRLRRRLRRRARRSRSRRSRA,Rhoto
qvae_sample_9994,MASRRLRRRLRRRRRRRRSRSRAA,Rhoto
qvae_sample_10001,MASRRLLRRLRRRRRRRRSRSRAA,Rhoto
qvae_sample_10034,MASRRLLRLLRRRRRRSRSRRRAA,Rhoto
qvae_sample_10074,MASRRLRRLLRRRARRSRSRSSAAR,Rhoto
qvae_sample_10080,MASRRLRRRLRRRRRRSRSRRRAA,Rhoto
qvae_sample_10084,MASRRLRRLLRRRARRRRSRSSAA,Rhoto
qvae_sample_10118,MASRRLRRRLRRRRRRRRSRRRAA,Rhoto
qvae_sample_10122,MASRRLRRRLRRRARRSRSRRSAAS,Rhoto
qvae_sample_10140,MASRRLRRRLRRRARRRRSRRSRR,Rhoto
qvae_sample_10157,MASRRLRRRLRRRRRRSRSRRRRAR,Rhoto
qvae_sample_10261,MASRRLRRRLRRRARRSRSRRSAAR,Rhoto
qvae_sample_10264,MASRRLLRRLRRRARRSRSRRSRA,Rhoto
qvae_sample_10265,MASRRLLRRLRRRARRRRSRRRR,Rhoto
qvae_sample_10266,MASRRLLRRLRRRARRRRSRRRRA,Rhoto
qvae_sample_10386,MASRRLRRRLRRRRRRRRSRSRAR,Rhoto
qvae_sample_10389,MASRRLLRRLRRRRRRRRSRSRR,Rhoto
qvae_sample_10612,MASRRLRRRLRRRRRRRRSRRSAA,Rhoto
qvae_sample_10645,MASRALRRRLRRRRRRRRSRRRRA,Rhoto
qvae_sample_10992,MASRRLRRRLRRRRRRSRSRRRSA,Rhoto
qvae_sample_10994,MASLRLRRRLRRRRRRRRSRRRR,Rhoto
qvae_sample_10998,MASRRLRRRLRRARRRRRSRRRR,Rhoto
qvae_sample_11028,MASRRLLRRLRRRRRRRRSRSRRA,Rhoto
qvae_sample_11030,MASRRLLRRLRRRRRRRRSRSRS,Rhoto
qvae_sample_11031,MASRRLRRRLRRRRRRRRSRRRSA,Rhoto
qvae_sample_11053,MASRLLRRRLRRRARSSRSRSRR,Rhoto
qvae_sample_11143,MASRRLLRRLRRRARRRRSRRRRR,Rhoto
qvae_sample_11975,MASRRLLRRLRRRARRRRSRRR,Rhoto
qvae_sample_12156,MASLRLRRLLRRRRRRSRSLRRAA,Rhoto
qvae_sample_12159,MASRALRRLLRRRRRSSRSLRSAARR,Rhoto
qvae_sample_12167,MASRLLRRRLRRRARRSRSLSSAARR,Rhoto
qvae_sample_12168,MASRLLRRRLRRRARRSRSLRSAARR,Rhoto
qvae_sample_12169,MASLLLRRRLRRRARSSRSSSRAAR,Rhoto
qvae_sample_12170,MASLLLRRRLRRRARRSRSLRSAAA,Rhoto
qvae_sample_12172,MASRLLRRRLRRRRRRSRSRSSAARR,Rhoto
qvae_sample_12176,MASRLLRRLLRRRARRSRSLRSAARR,Rhoto
qvae_sample_12182,MASRRLRRRLRRRRRRSRSRRRR,Rhoto
qvae_sample_12186,MASRRLRRLLRRRRRSSRSLRSAR,Rhoto
qvae_sample_12189,MASRRLRRRLRRRRRRSRSSSSAR,Rhoto
qvae_sample_12190,MASRRLRRRLRRRARRSRSSSSAR,Rhoto
qvae_sample_12191,MASRRLRRLLRRRARRSRSSRSR,Rhoto
qvae_sample_12193,MASRRLRRRLRRRRRRSRSSSSRR,Rhoto
qvae_sample_12194,MASRALRRRLRRRRRRRRRSSSRR,Rhoto
qvae_sample_12204,MASRALRRLLRRRRRSSRSSRSAR,Rhoto
qvae_sample_12209,MASRRLRRRLRRRARRSRSASSAAR,Rhoto
qvae_sample_12211,MASLRLRRRLRRRARRSRSLRRAR,Rhoto
qvae_sample_12214,MASRLLRRRLRRRRRRSRSLSSAA,Rhoto
qvae_sample_12222,MASRRLRRLLRRRRRRRRSSRSAA,Rhoto
qvae_sample_12227,MAARRLRRRLRRRRRRSRSLSSRR,Rhoto
qvae_sample_12233,MASRRLRRRLRRRRRRSRSLSSAR,Rhoto
qvae_sample_12240,MASRLLRRRLRRRRRRSRSSRRSA,Rhoto
qvae_sample_12242,MASRLLRRLLRRRRRRSRSRRRAA,Rhoto
qvae_sample_12246,MASRRLRRLLRRRRRRSRSRSRR,Rhoto
qvae_sample_12249,MASRRLRRRLRRRRRRSRSRSSS,Rhoto
qvae_sample_12257,MASRRLRRRLRRRRRRSRSSSSS,Rhoto
qvae_sample_12258,MAARRLRRRLRRRARRRRSSRRR,Rhoto
qvae_sample_12266,MASLRLRRLLLRRRRRSRSLSSAAARAS,Rhoto
qvae_sample_12270,MASLRLRRLLRRRRRRSRSLRSAARR,Rhoto
qvae_sample_12279,MASLALRRLLLRRRRRSRSASRAARS,Rhoto
qvae_sample_12293,MASRLLRRLLLRRRRSSRSARSAAARS,Rhoto
qvae_sample_12303,MASRLLRRLLRRRARRSRSLRSAAAR,Rhoto
qvae_sample_12315,MASRLLRRLLLRRRRSSRSRSRAAAR,Rhoto
qvae_sample_12322,MASLLLRRLLRRRRRRSRSLRSAAARS,Rhoto
qvae_sample_12324,MASRLLRRLLRRRARSSRSLRSAARR,Rhoto
qvae_sample_12340,MASRLLRRLLRRRRRRSRSLRSAALR,Rhoto
qvae_sample_12372,MASRRLRRLLRRRARRSRSARSAAAR,Rhoto
qvae_sample_12397,MASRRLRRLLRRRRRRSRSSRSRAR,Rhoto
qvae_sample_12400,MASLRLRRLLRRRRRRSRSRRRRA,Rhoto
qvae_sample_12436,MASRALRRLLRRRRRRSRSSSSAARR,Rhoto
qvae_sample_12451,MASRALRRLLRRRARSSRSARSAAARA,Rhoto
qvae_sample_12453,MASRALRRRLRRRARRSRSSSSAARS,Rhoto
qvae_sample_12456,MASRALRRRLRRRARRSRSARSAAAR,Rhoto
qvae_sample_12457,MASRLLRRRLRRRARRSRSARSAAAR,Rhoto
qvae_sample_12462,MASRRLRRRLRRRARRSRSASSAARS,Rhoto
qvae_sample_12463,MASRRLRRRLRRRARRSRSSRRAAR,Rhoto
qvae_sample_12464,MASRALRRLLRRRARRSRSASSAAAS,Rhoto
qvae_sample_12466,MLSRRLRRRLRRRRRSSRSRRSRAA,Rhoto
qvae_sample_12467,MLSRRLRRRLRRRARRSRSRRSRAA,Rhoto
qvae_sample_12468,MASRALRRLLRRRRRSSRSSRSAARR,Rhoto
qvae_sample_12470,MASRRLRRLLRRRRRRSRSARRAAA,Rhoto
qvae_sample_12471,MASRALRRLLRRRRRRSRSSRSAAA,Rhoto
qvae_sample_12472,MASLALRRLLLRRRRSSRSASSAAAR,Rhoto
qvae_sample_12475,MASRRLRRRLRRRARRRRSSRSAAR,Rhoto
qvae_sample_12477,MASRRLRRRLRRRARRRRSRRRAA,Rhoto
qvae_sample_12479,MASLRLRRRLRRRRRRSRSLRSAAAR,Rhoto
qvae_sample_12480,MASRLLRRRLRRRARRSRSARSAAA,Rhoto
qvae_sample_12481,MASRALRRLLRRRARSSRSSRSAAAR,Rhoto
qvae_sample_12483,MASRALRRLLRRRARSSRSARSAAAR,Rhoto
qvae_sample_12484,MASLALRRLLRRRARSSRSARSAAAR,Rhoto
qvae_sample_12485,MASRRLRRLLRRRARRSRSSRSAAA,Rhoto
qvae_sample_12486,MASRALRRLLRRRARRSRSARSAARR,Rhoto
qvae_sample_12489,MASRRLRRLLRRRARRSRSARSAAR,Rhoto
qvae_sample_12490,MASRRLRRRLRRRARRSRSSRSAAA,Rhoto
qvae_sample_12491,MASRRLRRLLRRRARRSRSARSAAA,Rhoto
qvae_sample_12493,MASRRLRRRLRRRARRRRRSRSRR,Rhoto
qvae_sample_12494,MASLRLRRLLRRRRRRRRSSRSRAA,Rhoto
qvae_sample_12497,MASRALRRLLRRRARRRRSSRSAAAR,Rhoto
qvae_sample_12499,MASRALRRRLRRRRRRRRRSRSRR,Rhoto
qvae_sample_12500,MASRALRRRLRRRARRRRRSRRAR,Rhoto
qvae_sample_12502,MASRRLLRLLRRRARRRRRSRSRR,Rhoto
qvae_sample_12516,MASRALRRLLRRRARSSRSSRRAAA,Rhoto
qvae_sample_12518,MASRALRRRLRRRARSSRSSSSAARS,Rhoto
qvae_sample_12521,MASLLLRRRLRRRARSSRSSSSAAA,Rhoto
qvae_sample_12523,MASRLLRRRLRRRARRRRSSRSRAA,Rhoto
qvae_sample_12524,MASRRLRRRLRRRARRSRSARSAAR,Rhoto
qvae_sample_12528,MASRALRRRLRRRARRSRSSSSAAASA,Rhoto
qvae_sample_12529,MASRALRRRLRRRARRSRSSSRAAAS,Rhoto
qvae_sample_12532,MASRRLRRRLRRRARSSRSSRRAAR,Rhoto
qvae_sample_12533,MASRRLRRRLRRRARRSRSASSAAAS,Rhoto
qvae_sample_12538,MASRRLRRRLRRRRRRSRSRSSRAR,Rhoto
qvae_sample_12542,MASRRLRRLLRRRRRSRRSSRSRR,Rhoto
qvae_sample_12544,MASRALRRRLRRRRRRRRSSRSRR,Rhoto
qvae_sample_12545,MASRRLRRLLRRRRRRRRSSRSAAA,Rhoto
qvae_sample_12558,MASRRLRRRLRRRARRRRSSSSAAR,Rhoto
qvae_sample_12559,MASRRLRRRLRRRRRRRRSSRSRR,Rhoto
qvae_sample_12561,MASRRLRRRLRRRARRRRSSRSRR,Rhoto
qvae_sample_12562,MASRRLRRRLRRRARRRRSSRRRR,Rhoto
qvae_sample_12563,MASLRLRRRLRRRRRRSRSLRSAAA,Rhoto
qvae_sample_12564,MASRRLRRRLRRRRRRSRSLRSAAA,Rhoto
qvae_sample_12567,MASRRLRRRLRRRRRRSRSASSSAR,Rhoto
qvae_sample_12576,MASRALRRLLRRRARRSRSLRSAARS,Rhoto
qvae_sample_12580,MASRLLRRRLRRRARSSRSARSAARS,Rhoto
qvae_sample_12582,MASRALRRLLRRRARSSRSLRSAARR,Rhoto
qvae_sample_12584,MASLLLRRRLRRRARSSRSLRRAAR,Rhoto
qvae_sample_12598,MASRALRRLLRRRRRRSRSARSAAR,Rhoto
qvae_sample_12600,MASRLLRRLLRRRARRSRSARSAARS,Rhoto
qvae_sample_12605,MASLALRRLLRRRARRSRSLSSAAASS,Rhoto
qvae_sample_12610,MASRLLRRRLRRRRRRSRSSRSSAR,Rhoto
qvae_sample_12612,MASRLLRRLLRRRARRRRSLRSAARR,Rhoto
qvae_sample_12613,MASRLLRRRLRRRARRSRSRRSSAR,Rhoto
qvae_sample_12614,MASRLLRRLLRRRARRSRSLRRRA,Rhoto
qvae_sample_12616,MASRLLRRLLRRRARSSRSASRSARR,Rhoto
qvae_sample_12617,MASRALRRLLRRRARRSRSASSAAARS,Rhoto
qvae_sample_12621,MASLLLRRRLRRRARRSRSASRSAR,Rhoto
qvae_sample_12622,MLSRLLRRLLRRRARRSRSARRAARR,Rhoto
qvae_sample_12623,MASLLLRRRLRRRARRSRSARRSA,Rhoto
qvae_sample_12638,MASRLLRRRLRRRRRRSRSASSRAR,Rhoto
qvae_sample_12656,MASRLLRRLLRRRARRSRSASSAARR,Rhoto
qvae_sample_12663,MASRLLRRRLRRRARSSRSARSAAAR,Rhoto
qvae_sample_12678,MASRLLRRLLRRRARRSRSARSAARR,Rhoto
qvae_sample_12679,MASRLLRRRLRRRRRRSRSSSRSA,Rhoto
qvae_sample_12684,MASRLLRRRLRRRARRSRSSRRAAR,Rhoto
qvae_sample_12685,MASRLLRRLLRRRARRSRSLRRAAR,Rhoto
qvae_sample_12687,MASLLLRRRLRRRARSSRSRRRRA,Rhoto
qvae_sample_12689,MASRLLRRRLRRRRRRSRSRSSSAR,Rhoto
qvae_sample_12690,MASRLLRRRLRRRRRRSRSASSAARR,Rhoto
qvae_sample_12705,MASRLLRRLLRRRARRSRSARSAAAS,Rhoto
qvae_sample_12707,MASLLLRRLLRRRRRRSRSRSSAARR,Rhoto
qvae_sample_12712,MASRLLRRRLRRRRRRSRSSSRAAAS,Rhoto
qvae_sample_12716,MASRLLRRRLRRRRRRSRSSRSSA,Rhoto
qvae_sample_12717,MLSRLLRRRLRRRARRSRSARSAAR,Rhoto
qvae_sample_12731,MASLRLRRRLRRRRRRSRSARRSA,Rhoto
qvae_sample_12732,MASRALRRLLRRRRRRSRSARRAAR,Rhoto
qvae_sample_12733,MASRALRRRLRRRRRRSRSASRSAR,Rhoto
qvae_sample_12746,MASRLLLRRLRRRRRRSRSRRRR,Rhoto
qvae_sample_12748,MASRLLRRRLRRRRRRSRSSRSRAR,Rhoto
qvae_sample_12751,MASRLLRRRLRRRRRRSRSSRRR,Rhoto
qvae_sample_12764,MASRALRRLLRRRRRRSRSRRSAAAR,Rhoto
qvae_sample_12788,MLSRLLRRRLRRRARRRRSRRRRA,Rhoto
qvae_sample_12793,MASRALRRLLRRRRRRSRRARSSR,Rhoto
qvae_sample_12795,MASRALRRLLRRRARRSRSARSSAR,Rhoto
qvae_sample_12800,MASRRLRRLLRRRARRSRSARSSA,Rhoto
qvae_sample_12814,MASRALRRLLRRRRRSSRSASSAALRA,Rhoto
qvae_sample_12817,MASRALRRLLRRRARRSRSSRSAAARS,Rhoto
qvae_sample_12824,MASRALRRLLRRRRRRSRSSRSAAS,Rhoto
qvae_sample_12829,MASRALRRLLRRRRRRSRSSSSAALRA,Rhoto
qvae_sample_12837,MASRALRRLLRRRRRSSRSSRSAA,Rhoto
qvae_sample_12838,MASRLLRRLLRRRARSRRSSRSAAA,Rhoto
qvae_sample_12845,MASRALRRLLRRRRRRSRSSRSARA,Rhoto
qvae_sample_12846,MASRLLRRLLRRRARRSRSSRSARA,Rhoto
qvae_sample_12859,MASRRLRRLLRRRARRSRSARSAARR,Rhoto
qvae_sample_12892,MASRLLRRLLRRRARRRRSASSAAR,Rhoto
qvae_sample_12893,MASRRLRRRLRRRRRRRRSASSS,Rhoto
qvae_sample_12895,MASRLLRRLLRRRRRRSRSLRSAA,Rhoto
qvae_sample_12896,MASRLLRRLLRRRARRRRSSRSRR,Rhoto
qvae_sample_12902,MASRLLRRLLRRRARRSRSARSAAR,Rhoto
qvae_sample_12908,MASRLLRRLLRRRARRSRSSRSAAA,Rhoto
qvae_sample_12910,MASRALRRLLRRRRRRSRSASSSLR,Rhoto
qvae_sample_12911,MASRALRRLLRRRARRSRSASSAARS,Rhoto
qvae_sample_12912,MASRLLRRLLRRRARRSRSASSSAR,Rhoto
qvae_sample_12913,MASRRLRRRLRRRRRRSRSASSSR,Rhoto
qvae_sample_12915,MASRRLRRLLRRRARRSRSARSALR,Rhoto
qvae_sample_12925,MASRALRRRLRRRRRRSRSASSSR,Rhoto
qvae_sample_12926,MASRALRRRLRRRARRRRSASSSR,Rhoto
qvae_sample_12929,MASRALRRRLRRRRRRSRSSSSSA,Rhoto
qvae_sample_12931,MASRRLRRLLRRRRRRSRSARSRRA,Rhoto
qvae_sample_12940,MASRRLRRLLRRRRRRSRSRRSRAA,Rhoto
qvae_sample_12949,MASRALRRLLRRRRRRRRSSRRAAA,Rhoto
qvae_sample_12964,MASRALRRLLRRRRRRRRSSRSAAR,Rhoto
qvae_sample_12992,MASRRLRRRLRRRRRRSRSSRSSR,Rhoto
qvae_sample_12994,MASRRLRRRLRRRRRRRRSSRSSR,Rhoto
qvae_sample_12995,MASRRLRRLLRRRARRRRSLRSAAR,Rhoto
qvae_sample_12997,MASRRLRRLLRRRRRRSRSLRSRR,Rhoto
qvae_sample_13000,MASRRLRRLLRRRRRRSRSSRSRA,Rhoto
qvae_sample_13001,MASRRLRRLLRRRRRRSRRSRSRA,Rhoto
qvae_sample_13002,MASRRLRRRLRRRRRRRRSSRSR,Rhoto
qvae_sample_13003,MASRRLRRRLRRRRRRRRSLRSRA,Rhoto
qvae_sample_13005,MASRRLRRRLRRRARRRRRRRSRR,Rhoto
qvae_sample_13013,MASRLLRRLLRRRARRRRRSRSRA,Rhoto
qvae_sample_13015,MASRALRRLLRRRRRRSRSASSSALR,Rhoto
qvae_sample_13017,MASRALRRLLRRRARSSRSSRRSAA,Rhoto
qvae_sample_13018,MASRALRRLLRRRARRSRSARRAAAR,Rhoto
qvae_sample_13019,MASRALRRLLRRRARRSRSASSSAAR,Rhoto
qvae_sample_13020,MASRALRRLLRRRARRSRSASSSALR,Rhoto
qvae_sample_13021,MASRRLRRRLRRRRRRSRSASRSR,Rhoto
qvae_sample_13022,MASRRLRRRLRRRARRSRSARRSR,Rhoto
qvae_sample_13023,MASRALRRLLRRRARRSRSARRAA,Rhoto
qvae_sample_13028,MASRALRRRLRRRARRSRSASRSA,Rhoto
qvae_sample_13035,MASLALRRLLRRRRRSSRSLSSAAARSA,Rhoto
qvae_sample_13061,MASRLLRRRLRRRARRSRSASRAAA,Rhoto
qvae_sample_13062,MASRALRRLLRRRRRSSRSSRSAAA,Rhoto
qvae_sample_13067,MASLLLRRRLRRRRRSSRSSRRAA,Rhoto
qvae_sample_13084,MASRALRRLLRRRARRSRSSRRAAAR,Rhoto
qvae_sample_13104,MASRLLRRRLRRRARRSRSASSAARR,Rhoto
qvae_sample_13107,MASRLLRRRLRRRRRRRRSSSSR,Rhoto
qvae_sample_13109,MASRLLRRRLRRRRRRSRSSRSRR,Rhoto
qvae_sample_13111,MASRLLRRRLRRRARRRRSSRSRR,Rhoto
qvae_sample_13112,MASRLLRRRLRRRARRSRSARSAA,Rhoto
qvae_sample_13129,MASRLLRRLLRRRARRSRSASSAAA,Rhoto
qvae_sample_13141,MASRLLRRLLRRRARRSRSSRRAAAR,Rhoto
qvae_sample_13170,MAARRLRRRLRRRARRSRSRRRAR,Rhoto
qvae_sample_13192,MASRRLRRLLRRRRRRSRSRRRRAA,Rhoto
qvae_sample_13207,MASRRLRRRLRRRRRRSRSRRSRR,Rhoto
qvae_sample_13216,MASRLLRRRLRRRRRRSRSRSRRR,Rhoto
qvae_sample_13240,MASRALRRLLRRRRRRSRSSRSRAA,Rhoto
qvae_sample_13243,MASRALRRLLRRRRRRSRSSRRAAA,Rhoto
qvae_sample_13248,MASRALRRRLRRRRRRRRSSSSRA,Rhoto
qvae_sample_13249,MASRLLRRRLRRRRRRRRSSRSAA,Rhoto
qvae_sample_13277,MASRRLRRRLRRRRRRRRSSSSRR,Rhoto
qvae_sample_13278,MASRRLRRRLRRRRRRRRSRSSSA,Rhoto
qvae_sample_13279,MASRLLRRRLRRRRRRRRSSSSRR,Rhoto
qvae_sample_13280,MASRLLRRRLRRRRRRRRSSRSAR,Rhoto
qvae_sample_13284,MASRRLRRRLRRRRRRRRSRRSR,Rhoto
qvae_sample_13291,MASRALRRRLRRRRRRSRSRSSSAR,Rhoto
qvae_sample_13301,MASRRLRRLLRRRRRRSRSRRSRA,Rhoto
qvae_sample_13318,MASRALRRLLRRRARRRRSSRSAA,Rhoto
qvae_sample_13319,MASRRLRRRLRRRARRSRSSRSAA,Rhoto
qvae_sample_13320,MASRRLLRRLRRRARRRRSSRSAA,Rhoto
qvae_sample_13323,MASRRLRRRLRRRARRSRSSRRAA,Rhoto
qvae_sample_13324,MASRALRRRLRRRARRSRSSRSAA,Rhoto
qvae_sample_13325,MASRALRRLLRRRRRRSRSARSAARR,Rhoto
qvae_sample_13326,MASRALRRLLRRRRRRSRSSRSSAR,Rhoto
qvae_sample_13327,MASRLLRRRLRRRRRRSRSRSSSA,Rhoto
qvae_sample_13329,MASRRLRRLLRRRRRRSRSRRSSA,Rhoto
qvae_sample_13334,MASRLLRRLLRRRARRSRSRRSSA,Rhoto
qvae_sample_13340,MASRLLRRRLRRRARRSRSSRSSA,Rhoto
qvae_sample_13342,MASRLLRRRLRRRARRRRSSRRRA,Rhoto
qvae_sample_13343,MASRLLRRLLRRRARRSRSSRSAA,Rhoto
qvae_sample_13349,MASRLLRRRLRRRARRSRSRRRR,Rhoto
qvae_sample_13362,MASRLLRRRLRRRRRRRRSRRSR,Rhoto
qvae_sample_13369,MASRALRRLLRRRRRRSRSASSSAL,Rhoto
qvae_sample_13370,MASRRLRRRLRRRRRRSRSRSRR,Rhoto
qvae_sample_13371,MASRALRRLLRRRARRSRSASSS,Rhoto
qvae_sample_13376,MASRALRRRLRRRRRRSRSRSRSA,Rhoto
qvae_sample_13386,MASRALRRRLRRRRRRSRRASSS,Rhoto
qvae_sample_13390,MASRRLRRRLRRRRRRSRSRSRS,Rhoto
qvae_sample_13396,MASRALRRRLRRRRRRSRSRSSRA,Rhoto
qvae_sample_13405,MASRALRRLLRRRRRRSRSSSSAAL,Rhoto
qvae_sample_13409,MASRRLRRLLRRRARRRRSRRSR,Rhoto
qvae_sample_13410,MASRLLRRLLRRRARRRRSSRSR,Rhoto
qvae_sample_13412,MASRRLRRLLRRRRRRRRSRRSSA,Rhoto
qvae_sample_13418,MASRALRRLLRRRARRSRSSSSAARR,Rhoto
qvae_sample_13422,MASRALRRLLRRRARRSRSSRSAAR,Rhoto
qvae_sample_13423,MASRLLRRLLRRRARRRRSSRSAA,Rhoto
qvae_sample_13430,MASRALRRLLRRRRRRSRSSSSAALS,Rhoto
qvae_sample_13436,MASRALRRRLRRRRRRRRSRSSS,Rhoto
qvae_sample_13437,MASRALRRLLRRRARRRRSRSSR,Rhoto
qvae_sample_13449,MASRALRRRLRRRRRRSRSRRSR,Rhoto
qvae_sample_13450,MASRALRRRLRRRRRRSRSRRRAA,Rhoto
qvae_sample_13466,MASRRLLRLLRRRARRRRSSRSRA,Rhoto
qvae_sample_13473,MASRALRRRLRRRARRRRSRSSAA,Rhoto
qvae_sample_13502,MASRLLRRRLRRRRRRSRSRRSRA,Rhoto
qvae_sample_13509,MASRLLRRLLRRRRRRSRSRRSR,Rhoto
qvae_sample_13515,MASRLLRRRLRRRRRRRRSSSSSA,Rhoto
qvae_sample_13518,MASRLLRRRLRRRARRRRSSRSAA,Rhoto
qvae_sample_13520,MASRLLRRRLRRRARRSRSRSRA,Rhoto
qvae_sample_13522,MASRLLRRRLRRRARRRRSSRRA,Rhoto
qvae_sample_13525,MASRLLRRRLRRRRRRRRSRSSS,Rhoto
qvae_sample_13543,MASRLLRRRLRRRARRRRSSSRA,Rhoto
qvae_sample_13544,MASRLLRRRLRRRARRRRSSSSR,Rhoto
qvae_sample_13556,MASRLLRRRLRRRRRRSRSSSSS,Rhoto
qvae_sample_13563,MASRLLRRRLRRRRRRSRSRRSSA,Rhoto
qvae_sample_13587,MASLALRRLLRRRRRRSRSSLSAALSSSA,Rhoto
qvae_sample_13589,MASLALRRLLRRRRRRSRSSLSAALSSS,Rhoto
qvae_sample_13591,MASRRLRRLLRRRRRRSRSRSSAALS,Rhoto
qvae_sample_13601,MASRALRRRLRRRARRRRSSRRRR,Rhoto
qvae_sample_13603,MASRALRRLLRRRRRRRRSRRSARA,Rhoto
qvae_sample_13609,MASRALRRRLRRRARRRRSRRRAA,Rhoto
qvae_sample_13621,MASRRLRRLLRRRARRRRSRRSRR,Rhoto
qvae_sample_13622,MASRALRRLLRRRRRRSRSRRSARA,Rhoto
qvae_sample_13630,MASRALRRLLRRRRRRSRSRRSAASR,Rhoto
qvae_sample_13644,MASRALRRLLRRRARRRRSSRSAR,Rhoto
qvae_sample_13647,MASRALRRLLRRRARRRRSSRSRR,Rhoto
qvae_sample_13660,MASRRLRRRLRRRARRRRSSSSRR,Rhoto
qvae_sample_13664,MASRRLRRLLRRRARRSRSASSSAS,Rhoto
qvae_sample_13668,MASRALRRRLRRRARRRRSSRSRR,Rhoto
qvae_sample_13681,MASRALRRLLRRRRRRSRSRRSAALS,Rhoto
qvae_sample_13685,MASRALRRRLRRRRRRRRSSRSRA,Rhoto
qvae_sample_13688,MASRALRRLLRRRRRRSRSRSSSAL,Rhoto
qvae_sample_13691,MASRLLRRRLRRRARRSRSARSAAR,Rhoto
qvae_sample_13692,MASRLLRRRLRRRARSSRSARRAA,Rhoto
qvae_sample_13713,MASRLLRRLLRRRARSRRRSRSR,Rhoto
qvae_sample_13714,MASRRLRRRLRRRRRRSRSSSSA,Rhoto
qvae_sample_13715,MASRRLRRRLRRRARRRRRSSSA,Rhoto
qvae_sample_13776,MASRRLRRLLRRRRRSSRSSRSRAR,Rhoto
qvae_sample_13813,MASRRLRRLLRRRARSRRRSSSRR,Rhoto
qvae_sample_13815,MASRRLRRRLRRRARRSRRSSSRA,Rhoto
qvae_sample_13817,MASRRLRRLLRRRARSSRRSSSRA,Rhoto
qvae_sample_13824,MASRRLRRLLRRRARSSRRSRSRR,Rhoto
qvae_sample_13825,MASRALLRLLRRRARRSRSSSSAAAR,Rhoto
qvae_sample_13826,MASRRLLRLLRRRARRSRSSRSAAAR,Rhoto
qvae_sample_13827,MASRALRRRLRRRARRRRRSSSAA,Rhoto
qvae_sample_13830,MASRLLLRLLRRRARSSRRSSSAA,Rhoto
qvae_sample_13832,MASRRLRRLLRRRARRSRSSRSAAAR,Rhoto
qvae_sample_13834,MASRLLRRLLRRRARRSRRSRSAA,Rhoto
qvae_sample_13835,MASRRLRRRLRRRARRSRSSSSSAR,Rhoto
qvae_sample_13836,MASRRLRRRLRRRARSSRSSRSRR,Rhoto
qvae_sample_13837,MASRRLRRRLRRRARRSRSSRSRR,Rhoto
qvae_sample_13839,MASRRLRRRLRRRARRSRSSRSRA,Rhoto
qvae_sample_13844,MASRRLRRRLRRRARRSRSSSSAA,Rhoto
qvae_sample_13845,MASRRLRRRLRRRARSSRRSRSRA,Rhoto
qvae_sample_13846,MASRRLRRRLRRRARRSRRSRSRA,Rhoto
qvae_sample_13849,MASRRLLRRLRRRARRSRRSRSRA,Rhoto
qvae_sample_13852,MASRRLLRLLRRRARRSRRRRSRA,Rhoto
qvae_sample_13854,MASRRLRRRLRRRRRRRRRSRSRR,Rhoto
qvae_sample_13855,MASRLLRRRLRRRARRRRRSRSR,Rhoto
qvae_sample_13858,MASRRLLRRLRRRARRRRRSRSRR,Rhoto
qvae_sample_13859,MASRRLLRLLRRRARRSRRSRSRA,Rhoto
qvae_sample_13865,MASRRLLRRLRRRARRRRRSRSR,Rhoto
qvae_sample_13875,MASRRLRRLLRRRARRSRSASSRAR,Rhoto
qvae_sample_13877,MASRRLLRRLRRRRRSSRSARSR,Rhoto
qvae_sample_13880,MASRRLRRRLRRRRRSSRSARSSA,Rhoto
qvae_sample_13882,MASRLLRRLLRRRARRSRSSRSRA,Rhoto
qvae_sample_13883,MASRRLRRRLRRRRRRSRSARSR,Rhoto
qvae_sample_13884,MASRRLRRRLRRRARRRRRARSR,Rhoto
qvae_sample_13899,MLSRLLRRRLRRRRRSSRSRSSRAR,Rhoto
qvae_sample_13902,MASRLLRRRLRRRRRSSRSSRRRA,Rhoto
qvae_sample_13907,MASRLLRRLLRRRARRSRSSRSAARR,Rhoto
qvae_sample_13910,MASRLLRRRLRRRRRRSRSSRSR,Rhoto
qvae_sample_13911,MASRLLRRRLRRRARSSRSSRSRA,Rhoto
qvae_sample_13913,MASRLLRRRLRRRRRRSRSSSSR,Rhoto
qvae_sample_13920,MLSRLLRRRLRRRRRSSRSRRRR,Rhoto
qvae_sample_13926,MASRRLRRLLRRRARRSRRASSRA,Rhoto
qvae_sample_13930,MASRALRRLLRRRARRSRRASSSA,Rhoto
qvae_sample_13932,MASRRLRRRLRRRARRRRRASRS,Rhoto
qvae_sample_13933,MASRRLRRLLRRRARRSRRARSR,Rhoto
qvae_sample_13944,MASRRLLRRLRRRARRSRRASRSA,Rhoto
qvae_sample_13946,MASRRLLRLLRRRARRSRRSSSRA,Rhoto
qvae_sample_13949,MASRALLRLLRRRARRSRSASSAA,Rhoto
qvae_sample_13952,MASRRLLRLLRRRARRSRRASSRA,Rhoto
qvae_sample_13976,MASRRLRRRLRRRARRSRRASRRA,Rhoto
qvae_sample_13988,MASRLLRRLLRRRARSSRRARSRA,Rhoto
qvae_sample_13999,MASRRLLRRLRRRARRSRRASSRA,Rhoto
qvae_sample_14006,MASRRLRRLLRRRARRSRRRRSR,Rhoto
qvae_sample_14029,MASRRLRRLLRRRRRSSRSARSSA,Rhoto
qvae_sample_14030,MASRRLRRLLRRRRRRSRSSRSSA,Rhoto
qvae_sample_14032,MASRLLRRLLRRRARSSRSSRSAAA,Rhoto
qvae_sample_14033,MASRRLRRLLRRRARSRRSSRRR,Rhoto
qvae_sample_14040,MASRRLRRLLRRRRRRSRSSRRRA,Rhoto
qvae_sample_14042,MASRLLRRLLRRRARSRRSSSSAA,Rhoto
qvae_sample_14045,MASRALRRLLRRRRRSSRRSRSR,Rhoto
qvae_sample_14048,MASRRLRRRLRRRARRRRRSRRR,Rhoto
qvae_sample_14052,MASRRLRRRLRRRRRRSRRSSSAA,Rhoto
qvae_sample_14053,MASRALRRLLRRRRRSSRRSRSAA,Rhoto
qvae_sample_14055,MASRRLRRRLRRRRRRSRRSSRR,Rhoto
qvae_sample_14058,MASRRLRRLLRRRARRSRSSRSSAR,Rhoto
qvae_sample_14060,MASRRLLRRLRRRARRSRSARSS,Rhoto
qvae_sample_14062,MASRRLRRLLRRRARRSRRSRSRR,Rhoto
qvae_sample_14063,MASRRLLRRLRRRARRRRRSRRR,Rhoto
qvae_sample_14068,MASRRLRRLLRRRRRRSRSSRSAA,Rhoto
qvae_sample_14069,MASRRLLRLLRRRARRSRSSRSAAA,Rhoto
qvae_sample_14070,MASRRLLRRLRRRARRSRRSRRR,Rhoto
qvae_sample_14071,MASRALRRRLRRRRRRSRRARSS,Rhoto
qvae_sample_14072,MASRLLRRLLRRRARRRRRSRSRR,Rhoto
qvae_sample_14075,MASRRLRRRLRRRARRSRRSRSR,Rhoto
qvae_sample_14083,MASRRLRRRLRRRRRRSRRSRSRA,Rhoto
qvae_sample_14084,MASRLLLRLLRRRARRSRRSRSRA,Rhoto
qvae_sample_14090,MASRRLRRRLRRRRRRRRSASSRA,Rhoto
qvae_sample_14091,MASRLLRRLLRRRARRSRSSRSRR,Rhoto
qvae_sample_14099,MASRLLRRLLRRRARRSRSSRSRAA,Rhoto
qvae_sample_14100,MASRRLRRRLRRRRRSSRSSSRR,Rhoto
qvae_sample_14116,MASRLLRRLLRRRARRSRRSRSRA,Rhoto
qvae_sample_14125,MASRRLRRRLRRRARRSRRRRSR,Rhoto
qvae_sample_14145,MASRRLRRRLRRRRRRSRRSSSSA,Rhoto
qvae_sample_14159,MASRLLRRLLRRRARRRRRSRRR,Rhoto
qvae_sample_14176,MASRALLRLLRRRRRRSRRSSSRA,Rhoto
qvae_sample_14184,MASRALRRLLRRRRRSSRRARSRA,Rhoto
qvae_sample_14185,MASRALRRRLRRRRRRSRRSRSRA,Rhoto
qvae_sample_14205,MASRRLRRLLRRRRRRSRRSRSRR,Rhoto
qvae_sample_14240,MASRRLLRLLRRRRRRSRRSRSRR,Rhoto
qvae_sample_14251,MASRRLLRRLRRRRRRRRRSRSRA,Rhoto
qvae_sample_14302,MASRRLRRLLRRRRRSSRSSRSRR,Rhoto
qvae_sample_14304,MASRLLRRRLRRRRRSSRSSRRR,Rhoto
qvae_sample_14308,MASRRLRRRLRRRRRRSRSSSRAA,Rhoto
qvae_sample_14329,MASRLLRRRLRRRARRSRRSRSR,Rhoto
qvae_sample_14349,MASRRLRRRLRRRRRRSRRSRSRR,Rhoto
qvae_sample_14357,MASRLLRRLLRRRRRRSRRRRSR,Rhoto
qvae_sample_14360,MASRLLRRRLRRRRRRSRRRRSRA,Rhoto
qvae_sample_14398,MASRLLRRRLRRRRRRSRRSRSRA,Rhoto
qvae_sample_14403,MASRLLRRRLRRRRRRRRSSRSR,Rhoto
qvae_sample_14417,MASRRLRRRLRRRARRSRRRSSSA,Rhoto
qvae_sample_14418,MASRALRRRLRRRARRRRRRSSRA,Rhoto
qvae_sample_14429,MASRRLRRRLRRRARRSRSARSRA,Rhoto
qvae_sample_14442,MASRRLRRRLRRRARRRRRSRSRA,Rhoto
qvae_sample_14477,MASRRLRRRLRRRARRSRSASSSA,Rhoto
qvae_sample_14501,MASRLLRRLLRRRARRSRRSSSRA,Rhoto
qvae_sample_14517,MASRRLRRRLRRRARRSRSARRR,Rhoto
qvae_sample_14584,MASRRLLRRLRRRRRRRRSRSSR,Rhoto
qvae_sample_14605,MASRALRRRLRRRRRRRRRSSSR,Rhoto
qvae_sample_14608,MASRALRRRLRRRRRRSRRSRSR,Rhoto
qvae_sample_14609,MASRALRRRLRRRARRRRRSRSRA,Rhoto
qvae_sample_14612,MASRRLRRRLRRRRRRSRSSRSSA,Rhoto
qvae_sample_14613,MASRLLRRRLRRRARRRRSSRSS,Rhoto
qvae_sample_14618,MASRRLRRRLRRRRRRRRSSSSSA,Rhoto
qvae_sample_14624,MASRRLRRRLRRRRRRRRSRRSSA,Rhoto
qvae_sample_14653,MASRLLRRLLRRRARRSRSRSSRA,Rhoto
qvae_sample_14660,MASRRLRRRLRRRRRRSRSRRSS,Rhoto
qvae_sample_14661,MASRRLRRRLRRRARRRRSRRSS,Rhoto
qvae_sample_14670,MASRRLRRRLRRRRRRSRSRRSSA,Rhoto
qvae_sample_14702,MASRRLRRRLRRRRRRSRSRRSR,Rhoto
qvae_sample_14703,MASRLLRRRLRRRARRSRRRRSR,Rhoto
qvae_sample_14734,MASRALRRRLRRRRRRRRRSRSR,Rhoto
qvae_sample_14775,MASRRLRRRLRRRRRRSRSSSSR,Rhoto
qvae_sample_14805,MASRLLRRRLRRRRRRSRSSRSS,Rhoto
qvae_sample_14815,MASRRLLRLLRRRARRSRRSRSAR,Rhoto
qvae_sample_14816,MASRALLRLLRRRARRSRSSRSAAAS,Rhoto
qvae_sample_14820,MASRRLRRLLRRRARRSRSSRSAA,Rhoto
qvae_sample_14825,MASRRLLRLLRRRARRRRSSRRRA,Rhoto
qvae_sample_14830,MASRRLRRLLRRRARRSRSSRSAAL,Rhoto
qvae_sample_14831,MASRRLLRLLRRRARRSRRSRSRR,Rhoto
qvae_sample_14832,MASRRLRRLLRRRRRRSRSSRSAAS,Rhoto
qvae_sample_14840,MASRRLRRLLRRRRRRRRSSRSRR,Rhoto
qvae_sample_14841,MASRRLRRLLRRRRRRRRRSRSR,Rhoto
qvae_sample_14865,MASRRLRRLLRRRRRRRRSRRSRA,Rhoto
qvae_sample_15025,MASRLLRRRLRRRRRRSRRRRSS,Rhoto
qvae_sample_15057,MASRLLRRRLRRRRRRRRSSSSA,Rhoto
qvae_sample_15077,MASRRLRRLLRRRRRRRRSRRRR,Rhoto
qvae_sample_15394,MASRRLRRRLRRRRRRSRSRSRSA,Rhoto
qvae_sample_15401,MASRRLRRLLRRRARRSRSRSRRR,Rhoto
qvae_sample_15402,MASRRLRRLLRRRRRRSRSRRRRR,Rhoto
qvae_sample_15403,MASRRLRRLLRRRARRSRSRRRRR,Rhoto
qvae_sample_15404,MASRRLRRRLRRRARRSRSRSRRA,Rhoto
qvae_sample_15423,MASRRLRRLLRRRARRSRSRRRRA,Rhoto
qvae_sample_15427,MASRRLLRRLRRRARRSRSRRRRR,Rhoto
qvae_sample_15430,MASRRLRRRLRRRARRSRSRLSRR,Rhoto
qvae_sample_15439,MASRRLLRRLRRRARRRRSRSRRR,Rhoto
qvae_sample_15444,MASRRLLRRLRRRRRRRRSRSRRR,Rhoto
qvae_sample_15460,MASRRLRRRLRRRRRRSRSRSRAA,Rhoto
qvae_sample_15466,MASRRLRRRLRRRARRRRSRSRAA,Rhoto
qvae_sample_15474,MASRRLRRRLRRRARRSRSRSRSA,Rhoto
qvae_sample_15475,MASRRLRRRLRRRRRRSRSRSRRR,Rhoto
qvae_sample_15478,MASRRLLRRLRRRARRRRSRSRRA,Rhoto
qvae_sample_15490,MASRRLRRRLRRRARRSRSRSSRR,Rhoto
qvae_sample_15493,MASRRLRRRLRRRRRRSRSRSSAR,Rhoto
qvae_sample_15494,MASRRLRRRLRRRARRSRSRSSAR,Rhoto
qvae_sample_15496,MASRRLRRRLRRRARRSRSRSRRR,Rhoto
qvae_sample_15498,MASRRLRRRLRRRARRRRSRSRRA,Rhoto
qvae_sample_15503,MASRRLRRRLRRRARRSRSRSRAR,Rhoto
qvae_sample_15506,MASRRLRRRLRRRARRRRSRSRRR,Rhoto
qvae_sample_15553,MASRRLRRRLRRRARRSRSRRSAR,Rhoto
qvae_sample_15586,MASRRLRRRLRRRRRRRRSRSRSA,Rhoto
qvae_sample_15607,MASRRLRRRLRRRARRRRSRSSRR,Rhoto
qvae_sample_15643,MASRRLLRRLRRRRRRRRSRRRSS,Rhoto
qvae_sample_15645,MASRRLRRRLRRRRRRRRSRSRRS,Rhoto
qvae_sample_15680,MASRRLRRRLRRRRRRRRSRRRS,Rhoto
qvae_sample_15840,MASRRLLRLLRRRARRRRSRRRRR,Rhoto
qvae_sample_15917,MASRRLLRRLRRRARRRRSRSRAA,Rhoto
qvae_sample_16211,MASRRLRRRLRRRARRRRSRRSRA,Rhoto
qvae_sample_17037,MASRRLRRRLRRRRRRRRSRSSRR,Rhoto
qvae_sample_17614,MASRRRLRRLRRRRRRRRSRSRR,Rhoto
qvae_sample_18711,MASRRLRRRLRRRRRRSRSRSRSS,Rhoto
qvae_sample_18715,MASRRLRRRLRRRARRRRSRSRSA,Rhoto
qvae_sample_18720,MASRRLRRRLRRRRRRSRSRLRRR,Rhoto
qvae_sample_18721,MASRRLRRRLRRRARRRRSRLRRR,Rhoto
qvae_sample_18725,MASRRLLRRLRRARRRSRSRRRR,Rhoto
qvae_sample_18729,MASRRLRRRLRRRARRRRSRSRSR,Rhoto
qvae_sample_18943,MASRRLRRRLRRRRRRRRSRSRSS,Rhoto
qvae_sample_19197,MASRRLRRRLRRAARRRRRRRRR,Rhoto
qvae_sample_20182,MASRRLRRRLRRRRRRRRSRRR,Rhoto
qvae_sample_23214,MASRRLRRRLRRAARRRRSRRRR,Rhoto
qvae_sample_23242,MASRRLLRRLRRAARRRRSRRRR,Rhoto
